date,model,model_date,k_removed,n_removed_features,fraction_features_removed,removed_features,RGE_star,n_assets
2023-01-02,ridge,2023-01-02,0,0,0.0,,1.0,407
2023-01-02,ridge,2023-01-02,1,1,0.1,ret_1w,0.999896,407
2023-01-02,ridge,2023-01-02,2,2,0.2,ret_1w;ret_3m,0.998631,407
2023-01-02,ridge,2023-01-02,3,3,0.3,ret_1w;ret_3m;vol_1m,0.996618,407
2023-01-02,ridge,2023-01-02,4,4,0.4,ret_1w;ret_3m;vol_1m;vol_3m,0.998321,407
2023-01-02,ridge,2023-01-02,5,5,0.5,ret_1w;ret_3m;vol_1m;vol_3m;vol_ratio,0.991097,407
2023-01-02,ridge,2023-01-02,6,6,0.6,ret_1w;ret_3m;vol_1m;vol_3m;vol_ratio;ret_1m,0.958351,407
2023-01-02,ridge,2023-01-02,7,7,0.7,ret_1w;ret_3m;vol_1m;vol_3m;vol_ratio;ret_1m;amihud,0.925052,407
2023-01-02,ridge,2023-01-02,8,8,0.8,ret_1w;ret_3m;vol_1m;vol_3m;vol_ratio;ret_1m;amihud;ret_6m,0.919204,407
2023-01-02,ridge,2023-01-02,9,9,0.9,ret_1w;ret_3m;vol_1m;vol_3m;vol_ratio;ret_1m;amihud;ret_6m;ret_12m,0.885663,407
2023-01-02,ridge,2023-01-02,10,10,1.0,ret_1w;ret_3m;vol_1m;vol_3m;vol_ratio;ret_1m;amihud;ret_6m;ret_12m;log_mktcap,0.5,407
2023-02-01,ridge,2023-02-01,0,0,0.0,,1.0,407
2023-02-01,ridge,2023-02-01,1,1,0.1,ret_3m,0.99922,407
2023-02-01,ridge,2023-02-01,2,2,0.2,ret_3m;ret_1w,0.997761,407
2023-02-01,ridge,2023-02-01,3,3,0.3,ret_3m;ret_1w;vol_3m,0.993535,407
2023-02-01,ridge,2023-02-01,4,4,0.4,ret_3m;ret_1w;vol_3m;vol_1m,0.990305,407
2023-02-01,ridge,2023-02-01,5,5,0.5,ret_3m;ret_1w;vol_3m;vol_1m;vol_ratio,0.985022,407
2023-02-01,ridge,2023-02-01,6,6,0.6,ret_3m;ret_1w;vol_3m;vol_1m;vol_ratio;amihud,0.950044,407
2023-02-01,ridge,2023-02-01,7,7,0.7,ret_3m;ret_1w;vol_3m;vol_1m;vol_ratio;amihud;ret_1m,0.922416,407
2023-02-01,ridge,2023-02-01,8,8,0.8,ret_3m;ret_1w;vol_3m;vol_1m;vol_ratio;amihud;ret_1m;ret_6m,0.895102,407
2023-02-01,ridge,2023-02-01,9,9,0.9,ret_3m;ret_1w;vol_3m;vol_1m;vol_ratio;amihud;ret_1m;ret_6m;ret_12m,0.884565,407
2023-02-01,ridge,2023-02-01,10,10,1.0,ret_3m;ret_1w;vol_3m;vol_1m;vol_ratio;amihud;ret_1m;ret_6m;ret_12m;log_mktcap,0.5,407
2023-03-01,ridge,2023-03-01,0,0,0.0,,1.0,407
2023-03-01,ridge,2023-03-01,1,1,0.1,ret_1w,0.997721,407
2023-03-01,ridge,2023-03-01,2,2,0.2,ret_1w;ret_3m,0.996621,407
2023-03-01,ridge,2023-03-01,3,3,0.3,ret_1w;ret_3m;vol_3m,0.992184,407
2023-03-01,ridge,2023-03-01,4,4,0.4,ret_1w;ret_3m;vol_3m;vol_1m,0.993388,407
2023-03-01,ridge,2023-03-01,5,5,0.5,ret_1w;ret_3m;vol_3m;vol_1m;vol_ratio,0.991793,407
2023-03-01,ridge,2023-03-01,6,6,0.6,ret_1w;ret_3m;vol_3m;vol_1m;vol_ratio;amihud,0.943774,407
2023-03-01,ridge,2023-03-01,7,7,0.7,ret_1w;ret_3m;vol_3m;vol_1m;vol_ratio;amihud;ret_1m,0.896932,407
2023-03-01,ridge,2023-03-01,8,8,0.8,ret_1w;ret_3m;vol_3m;vol_1m;vol_ratio;amihud;ret_1m;ret_6m,0.889088,407
2023-03-01,ridge,2023-03-01,9,9,0.9,ret_1w;ret_3m;vol_3m;vol_1m;vol_ratio;amihud;ret_1m;ret_6m;ret_12m,0.847558,407
2023-03-01,ridge,2023-03-01,10,10,1.0,ret_1w;ret_3m;vol_3m;vol_1m;vol_ratio;amihud;ret_1m;ret_6m;ret_12m;log_mktcap,0.5,407
2023-04-03,ridge,2023-04-03,0,0,0.0,,1.0,407
2023-04-03,ridge,2023-04-03,1,1,0.1,ret_1w,0.998867,407
2023-04-03,ridge,2023-04-03,2,2,0.2,ret_1w;ret_3m,0.99552,407
2023-04-03,ridge,2023-04-03,3,3,0.3,ret_1w;ret_3m;vol_3m,0.991223,407
2023-04-03,ridge,2023-04-03,4,4,0.4,ret_1w;ret_3m;vol_3m;vol_1m,0.988614,407
2023-04-03,ridge,2023-04-03,5,5,0.5,ret_1w;ret_3m;vol_3m;vol_1m;vol_ratio,0.995051,407
2023-04-03,ridge,2023-04-03,6,6,0.6,ret_1w;ret_3m;vol_3m;vol_1m;vol_ratio;amihud,0.963099,407
2023-04-03,ridge,2023-04-03,7,7,0.7,ret_1w;ret_3m;vol_3m;vol_1m;vol_ratio;amihud;ret_1m,0.940973,407
2023-04-03,ridge,2023-04-03,8,8,0.8,ret_1w;ret_3m;vol_3m;vol_1m;vol_ratio;amihud;ret_1m;ret_6m,0.93018,407
2023-04-03,ridge,2023-04-03,9,9,0.9,ret_1w;ret_3m;vol_3m;vol_1m;vol_ratio;amihud;ret_1m;ret_6m;ret_12m,0.899137,407
2023-04-03,ridge,2023-04-03,10,10,1.0,ret_1w;ret_3m;vol_3m;vol_1m;vol_ratio;amihud;ret_1m;ret_6m;ret_12m;log_mktcap,0.5,407
2023-05-01,ridge,2023-05-01,0,0,0.0,,1.0,407
2023-05-01,ridge,2023-05-01,1,1,0.1,ret_1w,0.999832,407
2023-05-01,ridge,2023-05-01,2,2,0.2,ret_1w;vol_3m,0.994086,407
2023-05-01,ridge,2023-05-01,3,3,0.3,ret_1w;vol_3m;ret_3m,0.991427,407
2023-05-01,ridge,2023-05-01,4,4,0.4,ret_1w;vol_3m;ret_3m;vol_1m,0.989524,407
2023-05-01,ridge,2023-05-01,5,5,0.5,ret_1w;vol_3m;ret_3m;vol_1m;vol_ratio,0.991635,407
2023-05-01,ridge,2023-05-01,6,6,0.6,ret_1w;vol_3m;ret_3m;vol_1m;vol_ratio;ret_1m,0.949904,407
2023-05-01,ridge,2023-05-01,7,7,0.7,ret_1w;vol_3m;ret_3m;vol_1m;vol_ratio;ret_1m;amihud,0.924248,407
2023-05-01,ridge,2023-05-01,8,8,0.8,ret_1w;vol_3m;ret_3m;vol_1m;vol_ratio;ret_1m;amihud;ret_6m,0.910671,407
2023-05-01,ridge,2023-05-01,9,9,0.9,ret_1w;vol_3m;ret_3m;vol_1m;vol_ratio;ret_1m;amihud;ret_6m;ret_12m,0.86596,407
2023-05-01,ridge,2023-05-01,10,10,1.0,ret_1w;vol_3m;ret_3m;vol_1m;vol_ratio;ret_1m;amihud;ret_6m;ret_12m;log_mktcap,0.5,407
2023-06-01,ridge,2023-06-01,0,0,0.0,,1.0,407
2023-06-01,ridge,2023-06-01,1,1,0.1,ret_1w,0.999551,407
2023-06-01,ridge,2023-06-01,2,2,0.2,ret_1w;ret_3m,0.996052,407
2023-06-01,ridge,2023-06-01,3,3,0.3,ret_1w;ret_3m;vol_3m,0.994957,407
2023-06-01,ridge,2023-06-01,4,4,0.4,ret_1w;ret_3m;vol_3m;vol_1m,0.992448,407
2023-06-01,ridge,2023-06-01,5,5,0.5,ret_1w;ret_3m;vol_3m;vol_1m;vol_ratio,0.990799,407
2023-06-01,ridge,2023-06-01,6,6,0.6,ret_1w;ret_3m;vol_3m;vol_1m;vol_ratio;ret_1m,0.939036,407
2023-06-01,ridge,2023-06-01,7,7,0.7,ret_1w;ret_3m;vol_3m;vol_1m;vol_ratio;ret_1m;amihud,0.91609,407
2023-06-01,ridge,2023-06-01,8,8,0.8,ret_1w;ret_3m;vol_3m;vol_1m;vol_ratio;ret_1m;amihud;ret_6m,0.91226,407
2023-06-01,ridge,2023-06-01,9,9,0.9,ret_1w;ret_3m;vol_3m;vol_1m;vol_ratio;ret_1m;amihud;ret_6m;ret_12m,0.883874,407
2023-06-01,ridge,2023-06-01,10,10,1.0,ret_1w;ret_3m;vol_3m;vol_1m;vol_ratio;ret_1m;amihud;ret_6m;ret_12m;log_mktcap,0.5,407
2023-07-03,ridge,2023-07-03,0,0,0.0,,1.0,407
2023-07-03,ridge,2023-07-03,1,1,0.1,ret_1w,0.999595,407
2023-07-03,ridge,2023-07-03,2,2,0.2,ret_1w;vol_3m,0.997227,407
2023-07-03,ridge,2023-07-03,3,3,0.3,ret_1w;vol_3m;ret_3m,0.988856,407
2023-07-03,ridge,2023-07-03,4,4,0.4,ret_1w;vol_3m;ret_3m;vol_1m,0.985945,407
2023-07-03,ridge,2023-07-03,5,5,0.5,ret_1w;vol_3m;ret_3m;vol_1m;vol_ratio,0.988508,407
2023-07-03,ridge,2023-07-03,6,6,0.6,ret_1w;vol_3m;ret_3m;vol_1m;vol_ratio;ret_1m,0.935216,407
2023-07-03,ridge,2023-07-03,7,7,0.7,ret_1w;vol_3m;ret_3m;vol_1m;vol_ratio;ret_1m;amihud,0.87594,407
2023-07-03,ridge,2023-07-03,8,8,0.8,ret_1w;vol_3m;ret_3m;vol_1m;vol_ratio;ret_1m;amihud;ret_6m,0.879321,407
2023-07-03,ridge,2023-07-03,9,9,0.9,ret_1w;vol_3m;ret_3m;vol_1m;vol_ratio;ret_1m;amihud;ret_6m;ret_12m,0.835402,407
2023-07-03,ridge,2023-07-03,10,10,1.0,ret_1w;vol_3m;ret_3m;vol_1m;vol_ratio;ret_1m;amihud;ret_6m;ret_12m;log_mktcap,0.5,407
2023-08-01,ridge,2023-08-01,0,0,0.0,,1.0,407
2023-08-01,ridge,2023-08-01,1,1,0.1,ret_1w,0.999134,407
2023-08-01,ridge,2023-08-01,2,2,0.2,ret_1w;vol_3m,0.994988,407
2023-08-01,ridge,2023-08-01,3,3,0.3,ret_1w;vol_3m;ret_3m,0.982896,407
2023-08-01,ridge,2023-08-01,4,4,0.4,ret_1w;vol_3m;ret_3m;vol_ratio,0.966838,407
2023-08-01,ridge,2023-08-01,5,5,0.5,ret_1w;vol_3m;ret_3m;vol_ratio;vol_1m,0.989977,407
2023-08-01,ridge,2023-08-01,6,6,0.6,ret_1w;vol_3m;ret_3m;vol_ratio;vol_1m;ret_1m,0.94102,407
2023-08-01,ridge,2023-08-01,7,7,0.7,ret_1w;vol_3m;ret_3m;vol_ratio;vol_1m;ret_1m;amihud,0.892064,407
2023-08-01,ridge,2023-08-01,8,8,0.8,ret_1w;vol_3m;ret_3m;vol_ratio;vol_1m;ret_1m;amihud;ret_6m,0.856236,407
2023-08-01,ridge,2023-08-01,9,9,0.9,ret_1w;vol_3m;ret_3m;vol_ratio;vol_1m;ret_1m;amihud;ret_6m;ret_12m,0.855214,407
2023-08-01,ridge,2023-08-01,10,10,1.0,ret_1w;vol_3m;ret_3m;vol_ratio;vol_1m;ret_1m;amihud;ret_6m;ret_12m;log_mktcap,0.5,407
2023-09-01,ridge,2023-09-01,0,0,0.0,,1.0,407
2023-09-01,ridge,2023-09-01,1,1,0.1,ret_1w,0.998826,407
2023-09-01,ridge,2023-09-01,2,2,0.2,ret_1w;vol_3m,0.993073,407
2023-09-01,ridge,2023-09-01,3,3,0.3,ret_1w;vol_3m;ret_3m,0.982633,407
2023-09-01,ridge,2023-09-01,4,4,0.4,ret_1w;vol_3m;ret_3m;vol_ratio,0.962765,407
2023-09-01,ridge,2023-09-01,5,5,0.5,ret_1w;vol_3m;ret_3m;vol_ratio;vol_1m,0.988011,407
2023-09-01,ridge,2023-09-01,6,6,0.6,ret_1w;vol_3m;ret_3m;vol_ratio;vol_1m;amihud,0.943496,407
2023-09-01,ridge,2023-09-01,7,7,0.7,ret_1w;vol_3m;ret_3m;vol_ratio;vol_1m;amihud;ret_1m,0.891895,407
2023-09-01,ridge,2023-09-01,8,8,0.8,ret_1w;vol_3m;ret_3m;vol_ratio;vol_1m;amihud;ret_1m;ret_6m,0.906212,407
2023-09-01,ridge,2023-09-01,9,9,0.9,ret_1w;vol_3m;ret_3m;vol_ratio;vol_1m;amihud;ret_1m;ret_6m;ret_12m,0.857554,407
2023-09-01,ridge,2023-09-01,10,10,1.0,ret_1w;vol_3m;ret_3m;vol_ratio;vol_1m;amihud;ret_1m;ret_6m;ret_12m;log_mktcap,0.5,407
2023-10-02,ridge,2023-10-02,0,0,0.0,,1.0,407
2023-10-02,ridge,2023-10-02,1,1,0.1,ret_1w,0.999802,407
2023-10-02,ridge,2023-10-02,2,2,0.2,ret_1w;vol_3m,0.992858,407
2023-10-02,ridge,2023-10-02,3,3,0.3,ret_1w;vol_3m;ret_3m,0.983232,407
2023-10-02,ridge,2023-10-02,4,4,0.4,ret_1w;vol_3m;ret_3m;vol_ratio,0.97064,407
2023-10-02,ridge,2023-10-02,5,5,0.5,ret_1w;vol_3m;ret_3m;vol_ratio;vol_1m,0.984237,407
2023-10-02,ridge,2023-10-02,6,6,0.6,ret_1w;vol_3m;ret_3m;vol_ratio;vol_1m;ret_1m,0.913828,407
2023-10-02,ridge,2023-10-02,7,7,0.7,ret_1w;vol_3m;ret_3m;vol_ratio;vol_1m;ret_1m;amihud,0.901332,407
2023-10-02,ridge,2023-10-02,8,8,0.8,ret_1w;vol_3m;ret_3m;vol_ratio;vol_1m;ret_1m;amihud;ret_6m,0.900969,407
2023-10-02,ridge,2023-10-02,9,9,0.9,ret_1w;vol_3m;ret_3m;vol_ratio;vol_1m;ret_1m;amihud;ret_6m;ret_12m,0.885892,407
2023-10-02,ridge,2023-10-02,10,10,1.0,ret_1w;vol_3m;ret_3m;vol_ratio;vol_1m;ret_1m;amihud;ret_6m;ret_12m;log_mktcap,0.5,407
2023-11-01,ridge,2023-11-01,0,0,0.0,,1.0,407
2023-11-01,ridge,2023-11-01,1,1,0.1,ret_1w,0.999846,407
2023-11-01,ridge,2023-11-01,2,2,0.2,ret_1w;vol_3m,0.992504,407
2023-11-01,ridge,2023-11-01,3,3,0.3,ret_1w;vol_3m;ret_3m,0.987276,407
2023-11-01,ridge,2023-11-01,4,4,0.4,ret_1w;vol_3m;ret_3m;vol_ratio,0.973935,407
2023-11-01,ridge,2023-11-01,5,5,0.5,ret_1w;vol_3m;ret_3m;vol_ratio;vol_1m,0.988034,407
2023-11-01,ridge,2023-11-01,6,6,0.6,ret_1w;vol_3m;ret_3m;vol_ratio;vol_1m;ret_1m,0.938924,407
2023-11-01,ridge,2023-11-01,7,7,0.7,ret_1w;vol_3m;ret_3m;vol_ratio;vol_1m;ret_1m;amihud,0.908074,407
2023-11-01,ridge,2023-11-01,8,8,0.8,ret_1w;vol_3m;ret_3m;vol_ratio;vol_1m;ret_1m;amihud;ret_6m,0.902719,407
2023-11-01,ridge,2023-11-01,9,9,0.9,ret_1w;vol_3m;ret_3m;vol_ratio;vol_1m;ret_1m;amihud;ret_6m;ret_12m,0.864876,407
2023-11-01,ridge,2023-11-01,10,10,1.0,ret_1w;vol_3m;ret_3m;vol_ratio;vol_1m;ret_1m;amihud;ret_6m;ret_12m;log_mktcap,0.5,407
2023-12-01,ridge,2023-12-01,0,0,0.0,,1.0,407
2023-12-01,ridge,2023-12-01,1,1,0.1,ret_1w,0.999932,407
2023-12-01,ridge,2023-12-01,2,2,0.2,ret_1w;vol_3m,0.992525,407
2023-12-01,ridge,2023-12-01,3,3,0.3,ret_1w;vol_3m;vol_ratio,0.974976,407
2023-12-01,ridge,2023-12-01,4,4,0.4,ret_1w;vol_3m;vol_ratio;ret_3m,0.962263,407
2023-12-01,ridge,2023-12-01,5,5,0.5,ret_1w;vol_3m;vol_ratio;ret_3m;vol_1m,0.976105,407
2023-12-01,ridge,2023-12-01,6,6,0.6,ret_1w;vol_3m;vol_ratio;ret_3m;vol_1m;ret_1m,0.92097,407
2023-12-01,ridge,2023-12-01,7,7,0.7,ret_1w;vol_3m;vol_ratio;ret_3m;vol_1m;ret_1m;amihud,0.881363,407
2023-12-01,ridge,2023-12-01,8,8,0.8,ret_1w;vol_3m;vol_ratio;ret_3m;vol_1m;ret_1m;amihud;ret_6m,0.876921,407
2023-12-01,ridge,2023-12-01,9,9,0.9,ret_1w;vol_3m;vol_ratio;ret_3m;vol_1m;ret_1m;amihud;ret_6m;ret_12m,0.858379,407
2023-12-01,ridge,2023-12-01,10,10,1.0,ret_1w;vol_3m;vol_ratio;ret_3m;vol_1m;ret_1m;amihud;ret_6m;ret_12m;log_mktcap,0.5,407
2024-01-01,ridge,2024-01-01,0,0,0.0,,1.0,407
2024-01-01,ridge,2024-01-01,1,1,0.1,ret_1w,0.9999,407
2024-01-01,ridge,2024-01-01,2,2,0.2,ret_1w;vol_3m,0.996996,407
2024-01-01,ridge,2024-01-01,3,3,0.3,ret_1w;vol_3m;vol_ratio,0.985468,407
2024-01-01,ridge,2024-01-01,4,4,0.4,ret_1w;vol_3m;vol_ratio;ret_1m,0.95984,407
2024-01-01,ridge,2024-01-01,5,5,0.5,ret_1w;vol_3m;vol_ratio;ret_1m;vol_1m,0.983352,407
2024-01-01,ridge,2024-01-01,6,6,0.6,ret_1w;vol_3m;vol_ratio;ret_1m;vol_1m;ret_3m,0.926981,407
2024-01-01,ridge,2024-01-01,7,7,0.7,ret_1w;vol_3m;vol_ratio;ret_1m;vol_1m;ret_3m;amihud,0.894683,407
2024-01-01,ridge,2024-01-01,8,8,0.8,ret_1w;vol_3m;vol_ratio;ret_1m;vol_1m;ret_3m;amihud;ret_6m,0.884284,407
2024-01-01,ridge,2024-01-01,9,9,0.9,ret_1w;vol_3m;vol_ratio;ret_1m;vol_1m;ret_3m;amihud;ret_6m;ret_12m,0.851796,407
2024-01-01,ridge,2024-01-01,10,10,1.0,ret_1w;vol_3m;vol_ratio;ret_1m;vol_1m;ret_3m;amihud;ret_6m;ret_12m;log_mktcap,0.5,407
2024-02-01,ridge,2024-02-01,0,0,0.0,,1.0,407
2024-02-01,ridge,2024-02-01,1,1,0.1,ret_1w,0.999996,407
2024-02-01,ridge,2024-02-01,2,2,0.2,ret_1w;vol_3m,0.995981,407
2024-02-01,ridge,2024-02-01,3,3,0.3,ret_1w;vol_3m;vol_ratio,0.982434,407
2024-02-01,ridge,2024-02-01,4,4,0.4,ret_1w;vol_3m;vol_ratio;vol_1m,0.996112,407
2024-02-01,ridge,2024-02-01,5,5,0.5,ret_1w;vol_3m;vol_ratio;vol_1m;ret_1m,0.966881,407
2024-02-01,ridge,2024-02-01,6,6,0.6,ret_1w;vol_3m;vol_ratio;vol_1m;ret_1m;ret_3m,0.897778,407
2024-02-01,ridge,2024-02-01,7,7,0.7,ret_1w;vol_3m;vol_ratio;vol_1m;ret_1m;ret_3m;amihud,0.886203,407
2024-02-01,ridge,2024-02-01,8,8,0.8,ret_1w;vol_3m;vol_ratio;vol_1m;ret_1m;ret_3m;amihud;ret_6m,0.917926,407
2024-02-01,ridge,2024-02-01,9,9,0.9,ret_1w;vol_3m;vol_ratio;vol_1m;ret_1m;ret_3m;amihud;ret_6m;ret_12m,0.873863,407
2024-02-01,ridge,2024-02-01,10,10,1.0,ret_1w;vol_3m;vol_ratio;vol_1m;ret_1m;ret_3m;amihud;ret_6m;ret_12m;log_mktcap,0.5,407
2024-03-01,ridge,2024-03-01,0,0,0.0,,1.0,407
2024-03-01,ridge,2024-03-01,1,1,0.1,ret_1w,0.999849,407
2024-03-01,ridge,2024-03-01,2,2,0.2,ret_1w;vol_3m,0.99399,407
2024-03-01,ridge,2024-03-01,3,3,0.3,ret_1w;vol_3m;vol_ratio,0.978937,407
2024-03-01,ridge,2024-03-01,4,4,0.4,ret_1w;vol_3m;vol_ratio;vol_1m,0.995692,407
2024-03-01,ridge,2024-03-01,5,5,0.5,ret_1w;vol_3m;vol_ratio;vol_1m;ret_1m,0.970747,407
2024-03-01,ridge,2024-03-01,6,6,0.6,ret_1w;vol_3m;vol_ratio;vol_1m;ret_1m;ret_3m,0.8873,407
2024-03-01,ridge,2024-03-01,7,7,0.7,ret_1w;vol_3m;vol_ratio;vol_1m;ret_1m;ret_3m;amihud,0.863601,407
2024-03-01,ridge,2024-03-01,8,8,0.8,ret_1w;vol_3m;vol_ratio;vol_1m;ret_1m;ret_3m;amihud;ret_12m,0.776715,407
2024-03-01,ridge,2024-03-01,9,9,0.9,ret_1w;vol_3m;vol_ratio;vol_1m;ret_1m;ret_3m;amihud;ret_12m;ret_6m,0.858262,407
2024-03-01,ridge,2024-03-01,10,10,1.0,ret_1w;vol_3m;vol_ratio;vol_1m;ret_1m;ret_3m;amihud;ret_12m;ret_6m;log_mktcap,0.5,407
2024-04-01,ridge,2024-04-01,0,0,0.0,,1.0,407
2024-04-01,ridge,2024-04-01,1,1,0.1,ret_1w,0.999995,407
2024-04-01,ridge,2024-04-01,2,2,0.2,ret_1w;vol_3m,0.994096,407
2024-04-01,ridge,2024-04-01,3,3,0.3,ret_1w;vol_3m;vol_ratio,0.975894,407
2024-04-01,ridge,2024-04-01,4,4,0.4,ret_1w;vol_3m;vol_ratio;vol_1m,0.994558,407
2024-04-01,ridge,2024-04-01,5,5,0.5,ret_1w;vol_3m;vol_ratio;vol_1m;ret_1m,0.967207,407
2024-04-01,ridge,2024-04-01,6,6,0.6,ret_1w;vol_3m;vol_ratio;vol_1m;ret_1m;ret_3m,0.903279,407
2024-04-01,ridge,2024-04-01,7,7,0.7,ret_1w;vol_3m;vol_ratio;vol_1m;ret_1m;ret_3m;amihud,0.895219,407
2024-04-01,ridge,2024-04-01,8,8,0.8,ret_1w;vol_3m;vol_ratio;vol_1m;ret_1m;ret_3m;amihud;ret_12m,0.811295,407
2024-04-01,ridge,2024-04-01,9,9,0.9,ret_1w;vol_3m;vol_ratio;vol_1m;ret_1m;ret_3m;amihud;ret_12m;ret_6m,0.877532,407
2024-04-01,ridge,2024-04-01,10,10,1.0,ret_1w;vol_3m;vol_ratio;vol_1m;ret_1m;ret_3m;amihud;ret_12m;ret_6m;log_mktcap,0.5,407
2024-05-01,ridge,2024-05-01,0,0,0.0,,1.0,407
2024-05-01,ridge,2024-05-01,1,1,0.1,ret_1w,0.999991,407
2024-05-01,ridge,2024-05-01,2,2,0.2,ret_1w;vol_3m,0.992975,407
2024-05-01,ridge,2024-05-01,3,3,0.3,ret_1w;vol_3m;vol_ratio,0.980829,407
2024-05-01,ridge,2024-05-01,4,4,0.4,ret_1w;vol_3m;vol_ratio;ret_1m,0.9669,407
2024-05-01,ridge,2024-05-01,5,5,0.5,ret_1w;vol_3m;vol_ratio;ret_1m;vol_1m,0.976338,407
2024-05-01,ridge,2024-05-01,6,6,0.6,ret_1w;vol_3m;vol_ratio;ret_1m;vol_1m;ret_3m,0.909973,407
2024-05-01,ridge,2024-05-01,7,7,0.7,ret_1w;vol_3m;vol_ratio;ret_1m;vol_1m;ret_3m;amihud,0.896178,407
2024-05-01,ridge,2024-05-01,8,8,0.8,ret_1w;vol_3m;vol_ratio;ret_1m;vol_1m;ret_3m;amihud;ret_12m,0.825243,407
2024-05-01,ridge,2024-05-01,9,9,0.9,ret_1w;vol_3m;vol_ratio;ret_1m;vol_1m;ret_3m;amihud;ret_12m;ret_6m,0.875967,407
2024-05-01,ridge,2024-05-01,10,10,1.0,ret_1w;vol_3m;vol_ratio;ret_1m;vol_1m;ret_3m;amihud;ret_12m;ret_6m;log_mktcap,0.5,407
2024-06-03,ridge,2024-06-03,0,0,0.0,,1.0,407
2024-06-03,ridge,2024-06-03,1,1,0.1,ret_1w,0.999488,407
2024-06-03,ridge,2024-06-03,2,2,0.2,ret_1w;vol_3m,0.986017,407
2024-06-03,ridge,2024-06-03,3,3,0.3,ret_1w;vol_3m;ret_1m,0.958994,407
2024-06-03,ridge,2024-06-03,4,4,0.4,ret_1w;vol_3m;ret_1m;vol_ratio,0.942632,407
2024-06-03,ridge,2024-06-03,5,5,0.5,ret_1w;vol_3m;ret_1m;vol_ratio;ret_3m,0.882826,407
2024-06-03,ridge,2024-06-03,6,6,0.6,ret_1w;vol_3m;ret_1m;vol_ratio;ret_3m;vol_1m,0.897453,407
2024-06-03,ridge,2024-06-03,7,7,0.7,ret_1w;vol_3m;ret_1m;vol_ratio;ret_3m;vol_1m;amihud,0.878968,407
2024-06-03,ridge,2024-06-03,8,8,0.8,ret_1w;vol_3m;ret_1m;vol_ratio;ret_3m;vol_1m;amihud;ret_6m,0.913838,407
2024-06-03,ridge,2024-06-03,9,9,0.9,ret_1w;vol_3m;ret_1m;vol_ratio;ret_3m;vol_1m;amihud;ret_6m;ret_12m,0.876718,407
2024-06-03,ridge,2024-06-03,10,10,1.0,ret_1w;vol_3m;ret_1m;vol_ratio;ret_3m;vol_1m;amihud;ret_6m;ret_12m;log_mktcap,0.5,407
2024-07-01,ridge,2024-07-01,0,0,0.0,,1.0,407
2024-07-01,ridge,2024-07-01,1,1,0.1,ret_1w,0.999983,407
2024-07-01,ridge,2024-07-01,2,2,0.2,ret_1w;vol_3m,0.987514,407
2024-07-01,ridge,2024-07-01,3,3,0.3,ret_1w;vol_3m;ret_1m,0.967335,407
2024-07-01,ridge,2024-07-01,4,4,0.4,ret_1w;vol_3m;ret_1m;vol_ratio,0.951865,407
2024-07-01,ridge,2024-07-01,5,5,0.5,ret_1w;vol_3m;ret_1m;vol_ratio;ret_3m,0.885969,407
2024-07-01,ridge,2024-07-01,6,6,0.6,ret_1w;vol_3m;ret_1m;vol_ratio;ret_3m;amihud,0.891635,407
2024-07-01,ridge,2024-07-01,7,7,0.7,ret_1w;vol_3m;ret_1m;vol_ratio;ret_3m;amihud;vol_1m,0.898315,407
2024-07-01,ridge,2024-07-01,8,8,0.8,ret_1w;vol_3m;ret_1m;vol_ratio;ret_3m;amihud;vol_1m;ret_12m,0.82252,407
2024-07-01,ridge,2024-07-01,9,9,0.9,ret_1w;vol_3m;ret_1m;vol_ratio;ret_3m;amihud;vol_1m;ret_12m;ret_6m,0.895304,407
2024-07-01,ridge,2024-07-01,10,10,1.0,ret_1w;vol_3m;ret_1m;vol_ratio;ret_3m;amihud;vol_1m;ret_12m;ret_6m;log_mktcap,0.5,407
2024-08-01,ridge,2024-08-01,0,0,0.0,,1.0,407
2024-08-01,ridge,2024-08-01,1,1,0.1,ret_1w,0.999976,407
2024-08-01,ridge,2024-08-01,2,2,0.2,ret_1w;vol_3m,0.98487,407
2024-08-01,ridge,2024-08-01,3,3,0.3,ret_1w;vol_3m;ret_1m,0.967029,407
2024-08-01,ridge,2024-08-01,4,4,0.4,ret_1w;vol_3m;ret_1m;vol_ratio,0.941658,407
2024-08-01,ridge,2024-08-01,5,5,0.5,ret_1w;vol_3m;ret_1m;vol_ratio;vol_1m,0.978413,407
2024-08-01,ridge,2024-08-01,6,6,0.6,ret_1w;vol_3m;ret_1m;vol_ratio;vol_1m;ret_3m,0.910967,407
2024-08-01,ridge,2024-08-01,7,7,0.7,ret_1w;vol_3m;ret_1m;vol_ratio;vol_1m;ret_3m;amihud,0.880445,407
2024-08-01,ridge,2024-08-01,8,8,0.8,ret_1w;vol_3m;ret_1m;vol_ratio;vol_1m;ret_3m;amihud;ret_12m,0.809549,407
2024-08-01,ridge,2024-08-01,9,9,0.9,ret_1w;vol_3m;ret_1m;vol_ratio;vol_1m;ret_3m;amihud;ret_12m;ret_6m,0.863865,407
2024-08-01,ridge,2024-08-01,10,10,1.0,ret_1w;vol_3m;ret_1m;vol_ratio;vol_1m;ret_3m;amihud;ret_12m;ret_6m;log_mktcap,0.5,407
2024-09-02,ridge,2024-09-02,0,0,0.0,,1.0,407
2024-09-02,ridge,2024-09-02,1,1,0.1,ret_1w,0.999984,407
2024-09-02,ridge,2024-09-02,2,2,0.2,ret_1w;vol_3m,0.986124,407
2024-09-02,ridge,2024-09-02,3,3,0.3,ret_1w;vol_3m;vol_ratio,0.965291,407
2024-09-02,ridge,2024-09-02,4,4,0.4,ret_1w;vol_3m;vol_ratio;ret_1m,0.935285,407
2024-09-02,ridge,2024-09-02,5,5,0.5,ret_1w;vol_3m;vol_ratio;ret_1m;vol_1m,0.968141,407
2024-09-02,ridge,2024-09-02,6,6,0.6,ret_1w;vol_3m;vol_ratio;ret_1m;vol_1m;ret_3m,0.898874,407
2024-09-02,ridge,2024-09-02,7,7,0.7,ret_1w;vol_3m;vol_ratio;ret_1m;vol_1m;ret_3m;amihud,0.87442,407
2024-09-02,ridge,2024-09-02,8,8,0.8,ret_1w;vol_3m;vol_ratio;ret_1m;vol_1m;ret_3m;amihud;ret_12m,0.796669,407
2024-09-02,ridge,2024-09-02,9,9,0.9,ret_1w;vol_3m;vol_ratio;ret_1m;vol_1m;ret_3m;amihud;ret_12m;ret_6m,0.848291,407
2024-09-02,ridge,2024-09-02,10,10,1.0,ret_1w;vol_3m;vol_ratio;ret_1m;vol_1m;ret_3m;amihud;ret_12m;ret_6m;log_mktcap,0.5,407
2024-10-01,ridge,2024-10-01,0,0,0.0,,1.0,407
2024-10-01,ridge,2024-10-01,1,1,0.1,ret_1w,0.999602,407
2024-10-01,ridge,2024-10-01,2,2,0.2,ret_1w;vol_3m,0.985554,407
2024-10-01,ridge,2024-10-01,3,3,0.3,ret_1w;vol_3m;vol_ratio,0.968083,407
2024-10-01,ridge,2024-10-01,4,4,0.4,ret_1w;vol_3m;vol_ratio;ret_1m,0.934499,407
2024-10-01,ridge,2024-10-01,5,5,0.5,ret_1w;vol_3m;vol_ratio;ret_1m;ret_3m,0.88996,407
2024-10-01,ridge,2024-10-01,6,6,0.6,ret_1w;vol_3m;vol_ratio;ret_1m;ret_3m;vol_1m,0.884754,407
2024-10-01,ridge,2024-10-01,7,7,0.7,ret_1w;vol_3m;vol_ratio;ret_1m;ret_3m;vol_1m;amihud,0.857978,407
2024-10-01,ridge,2024-10-01,8,8,0.8,ret_1w;vol_3m;vol_ratio;ret_1m;ret_3m;vol_1m;amihud;ret_12m,0.794107,407
2024-10-01,ridge,2024-10-01,9,9,0.9,ret_1w;vol_3m;vol_ratio;ret_1m;ret_3m;vol_1m;amihud;ret_12m;ret_6m,0.836987,407
2024-10-01,ridge,2024-10-01,10,10,1.0,ret_1w;vol_3m;vol_ratio;ret_1m;ret_3m;vol_1m;amihud;ret_12m;ret_6m;log_mktcap,0.5,407
2024-11-01,ridge,2024-11-01,0,0,0.0,,1.0,407
2024-11-01,ridge,2024-11-01,1,1,0.1,ret_1w,0.999341,407
2024-11-01,ridge,2024-11-01,2,2,0.2,ret_1w;vol_3m,0.987985,407
2024-11-01,ridge,2024-11-01,3,3,0.3,ret_1w;vol_3m;ret_1m,0.959443,407
2024-11-01,ridge,2024-11-01,4,4,0.4,ret_1w;vol_3m;ret_1m;vol_ratio,0.943524,407
2024-11-01,ridge,2024-11-01,5,5,0.5,ret_1w;vol_3m;ret_1m;vol_ratio;amihud,0.919775,407
2024-11-01,ridge,2024-11-01,6,6,0.6,ret_1w;vol_3m;ret_1m;vol_ratio;amihud;ret_12m,0.872358,407
2024-11-01,ridge,2024-11-01,7,7,0.7,ret_1w;vol_3m;ret_1m;vol_ratio;amihud;ret_12m;vol_1m,0.887045,407
2024-11-01,ridge,2024-11-01,8,8,0.8,ret_1w;vol_3m;ret_1m;vol_ratio;amihud;ret_12m;vol_1m;ret_3m,0.798787,407
2024-11-01,ridge,2024-11-01,9,9,0.9,ret_1w;vol_3m;ret_1m;vol_ratio;amihud;ret_12m;vol_1m;ret_3m;ret_6m,0.876598,407
2024-11-01,ridge,2024-11-01,10,10,1.0,ret_1w;vol_3m;ret_1m;vol_ratio;amihud;ret_12m;vol_1m;ret_3m;ret_6m;log_mktcap,0.5,407
2024-12-02,ridge,2024-12-02,0,0,0.0,,1.0,407
2024-12-02,ridge,2024-12-02,1,1,0.1,ret_1w,0.999328,407
2024-12-02,ridge,2024-12-02,2,2,0.2,ret_1w;vol_3m,0.993626,407
2024-12-02,ridge,2024-12-02,3,3,0.3,ret_1w;vol_3m;ret_1m,0.969,407
2024-12-02,ridge,2024-12-02,4,4,0.4,ret_1w;vol_3m;ret_1m;vol_ratio,0.932983,407
2024-12-02,ridge,2024-12-02,5,5,0.5,ret_1w;vol_3m;ret_1m;vol_ratio;amihud,0.909526,407
2024-12-02,ridge,2024-12-02,6,6,0.6,ret_1w;vol_3m;ret_1m;vol_ratio;amihud;vol_1m,0.939759,407
2024-12-02,ridge,2024-12-02,7,7,0.7,ret_1w;vol_3m;ret_1m;vol_ratio;amihud;vol_1m;ret_12m,0.893351,407
2024-12-02,ridge,2024-12-02,8,8,0.8,ret_1w;vol_3m;ret_1m;vol_ratio;amihud;vol_1m;ret_12m;ret_3m,0.817635,407
2024-12-02,ridge,2024-12-02,9,9,0.9,ret_1w;vol_3m;ret_1m;vol_ratio;amihud;vol_1m;ret_12m;ret_3m;ret_6m,0.902081,407
2024-12-02,ridge,2024-12-02,10,10,1.0,ret_1w;vol_3m;ret_1m;vol_ratio;amihud;vol_1m;ret_12m;ret_3m;ret_6m;log_mktcap,0.5,407
2025-01-01,ridge,2025-01-01,0,0,0.0,,1.0,407
2025-01-01,ridge,2025-01-01,1,1,0.1,ret_1w,0.999482,407
2025-01-01,ridge,2025-01-01,2,2,0.2,ret_1w;vol_3m,0.994407,407
2025-01-01,ridge,2025-01-01,3,3,0.3,ret_1w;vol_3m;amihud,0.979914,407
2025-01-01,ridge,2025-01-01,4,4,0.4,ret_1w;vol_3m;amihud;ret_1m,0.96573,407
2025-01-01,ridge,2025-01-01,5,5,0.5,ret_1w;vol_3m;amihud;ret_1m;vol_ratio,0.950751,407
2025-01-01,ridge,2025-01-01,6,6,0.6,ret_1w;vol_3m;amihud;ret_1m;vol_ratio;ret_12m,0.926827,407
2025-01-01,ridge,2025-01-01,7,7,0.7,ret_1w;vol_3m;amihud;ret_1m;vol_ratio;ret_12m;vol_1m,0.932604,407
2025-01-01,ridge,2025-01-01,8,8,0.8,ret_1w;vol_3m;amihud;ret_1m;vol_ratio;ret_12m;vol_1m;ret_3m,0.881962,407
2025-01-01,ridge,2025-01-01,9,9,0.9,ret_1w;vol_3m;amihud;ret_1m;vol_ratio;ret_12m;vol_1m;ret_3m;ret_6m,0.933039,407
2025-01-01,ridge,2025-01-01,10,10,1.0,ret_1w;vol_3m;amihud;ret_1m;vol_ratio;ret_12m;vol_1m;ret_3m;ret_6m;log_mktcap,0.5,407
2025-02-03,ridge,2025-02-03,0,0,0.0,,1.0,407
2025-02-03,ridge,2025-02-03,1,1,0.1,ret_1w,0.998232,407
2025-02-03,ridge,2025-02-03,2,2,0.2,ret_1w;vol_3m,0.994871,407
2025-02-03,ridge,2025-02-03,3,3,0.3,ret_1w;vol_3m;ret_1m,0.965828,407
2025-02-03,ridge,2025-02-03,4,4,0.4,ret_1w;vol_3m;ret_1m;amihud,0.947638,407
2025-02-03,ridge,2025-02-03,5,5,0.5,ret_1w;vol_3m;ret_1m;amihud;ret_12m,0.915196,407
2025-02-03,ridge,2025-02-03,6,6,0.6,ret_1w;vol_3m;ret_1m;amihud;ret_12m;vol_ratio,0.901461,407
2025-02-03,ridge,2025-02-03,7,7,0.7,ret_1w;vol_3m;ret_1m;amihud;ret_12m;vol_ratio;ret_3m,0.853883,407
2025-02-03,ridge,2025-02-03,8,8,0.8,ret_1w;vol_3m;ret_1m;amihud;ret_12m;vol_ratio;ret_3m;vol_1m,0.845307,407
2025-02-03,ridge,2025-02-03,9,9,0.9,ret_1w;vol_3m;ret_1m;amihud;ret_12m;vol_ratio;ret_3m;vol_1m;ret_6m,0.89479,407
2025-02-03,ridge,2025-02-03,10,10,1.0,ret_1w;vol_3m;ret_1m;amihud;ret_12m;vol_ratio;ret_3m;vol_1m;ret_6m;log_mktcap,0.5,407
2025-03-03,ridge,2025-03-03,0,0,0.0,,1.0,407
2025-03-03,ridge,2025-03-03,1,1,0.1,ret_1w,0.999583,407
2025-03-03,ridge,2025-03-03,2,2,0.2,ret_1w;vol_3m,0.989981,407
2025-03-03,ridge,2025-03-03,3,3,0.3,ret_1w;vol_3m;ret_12m,0.973481,407
2025-03-03,ridge,2025-03-03,4,4,0.4,ret_1w;vol_3m;ret_12m;ret_1m,0.941429,407
2025-03-03,ridge,2025-03-03,5,5,0.5,ret_1w;vol_3m;ret_12m;ret_1m;ret_3m,0.857363,407
2025-03-03,ridge,2025-03-03,6,6,0.6,ret_1w;vol_3m;ret_12m;ret_1m;ret_3m;vol_ratio,0.846265,407
2025-03-03,ridge,2025-03-03,7,7,0.7,ret_1w;vol_3m;ret_12m;ret_1m;ret_3m;vol_ratio;amihud,0.867811,407
2025-03-03,ridge,2025-03-03,8,8,0.8,ret_1w;vol_3m;ret_12m;ret_1m;ret_3m;vol_ratio;amihud;vol_1m,0.850087,407
2025-03-03,ridge,2025-03-03,9,9,0.9,ret_1w;vol_3m;ret_12m;ret_1m;ret_3m;vol_ratio;amihud;vol_1m;ret_6m,0.861697,407
2025-03-03,ridge,2025-03-03,10,10,1.0,ret_1w;vol_3m;ret_12m;ret_1m;ret_3m;vol_ratio;amihud;vol_1m;ret_6m;log_mktcap,0.5,407
2025-04-01,ridge,2025-04-01,0,0,0.0,,1.0,407
2025-04-01,ridge,2025-04-01,1,1,0.1,ret_1w,0.999902,407
2025-04-01,ridge,2025-04-01,2,2,0.2,ret_1w;vol_3m,0.981741,407
2025-04-01,ridge,2025-04-01,3,3,0.3,ret_1w;vol_3m;ret_1m,0.96933,407
2025-04-01,ridge,2025-04-01,4,4,0.4,ret_1w;vol_3m;ret_1m;amihud,0.955038,407
2025-04-01,ridge,2025-04-01,5,5,0.5,ret_1w;vol_3m;ret_1m;amihud;ret_3m,0.925122,407
2025-04-01,ridge,2025-04-01,6,6,0.6,ret_1w;vol_3m;ret_1m;amihud;ret_3m;ret_12m,0.891127,407
2025-04-01,ridge,2025-04-01,7,7,0.7,ret_1w;vol_3m;ret_1m;amihud;ret_3m;ret_12m;vol_ratio,0.880522,407
2025-04-01,ridge,2025-04-01,8,8,0.8,ret_1w;vol_3m;ret_1m;amihud;ret_3m;ret_12m;vol_ratio;ret_6m,0.915143,407
2025-04-01,ridge,2025-04-01,9,9,0.9,ret_1w;vol_3m;ret_1m;amihud;ret_3m;ret_12m;vol_ratio;ret_6m;vol_1m,0.893732,407
2025-04-01,ridge,2025-04-01,10,10,1.0,ret_1w;vol_3m;ret_1m;amihud;ret_3m;ret_12m;vol_ratio;ret_6m;vol_1m;log_mktcap,0.5,407
2025-05-01,ridge,2025-05-01,0,0,0.0,,1.0,407
2025-05-01,ridge,2025-05-01,1,1,0.1,ret_1w,0.999758,407
2025-05-01,ridge,2025-05-01,2,2,0.2,ret_1w;vol_3m,0.975779,407
2025-05-01,ridge,2025-05-01,3,3,0.3,ret_1w;vol_3m;ret_1m,0.954948,407
2025-05-01,ridge,2025-05-01,4,4,0.4,ret_1w;vol_3m;ret_1m;ret_12m,0.92318,407
2025-05-01,ridge,2025-05-01,5,5,0.5,ret_1w;vol_3m;ret_1m;ret_12m;amihud,0.925134,407
2025-05-01,ridge,2025-05-01,6,6,0.6,ret_1w;vol_3m;ret_1m;ret_12m;amihud;ret_3m,0.904161,407
2025-05-01,ridge,2025-05-01,7,7,0.7,ret_1w;vol_3m;ret_1m;ret_12m;amihud;ret_3m;vol_ratio,0.88425,407
2025-05-01,ridge,2025-05-01,8,8,0.8,ret_1w;vol_3m;ret_1m;ret_12m;amihud;ret_3m;vol_ratio;ret_6m,0.892626,407
2025-05-01,ridge,2025-05-01,9,9,0.9,ret_1w;vol_3m;ret_1m;ret_12m;amihud;ret_3m;vol_ratio;ret_6m;vol_1m,0.914242,407
2025-05-01,ridge,2025-05-01,10,10,1.0,ret_1w;vol_3m;ret_1m;ret_12m;amihud;ret_3m;vol_ratio;ret_6m;vol_1m;log_mktcap,0.5,407
2025-06-02,ridge,2025-06-02,0,0,0.0,,1.0,407
2025-06-02,ridge,2025-06-02,1,1,0.1,ret_1w,0.999836,407
2025-06-02,ridge,2025-06-02,2,2,0.2,ret_1w;vol_3m,0.985397,407
2025-06-02,ridge,2025-06-02,3,3,0.3,ret_1w;vol_3m;ret_1m,0.953769,407
2025-06-02,ridge,2025-06-02,4,4,0.4,ret_1w;vol_3m;ret_1m;ret_12m,0.926113,407
2025-06-02,ridge,2025-06-02,5,5,0.5,ret_1w;vol_3m;ret_1m;ret_12m;vol_ratio,0.934805,407
2025-06-02,ridge,2025-06-02,6,6,0.6,ret_1w;vol_3m;ret_1m;ret_12m;vol_ratio;amihud,0.915053,407
2025-06-02,ridge,2025-06-02,7,7,0.7,ret_1w;vol_3m;ret_1m;ret_12m;vol_ratio;amihud;ret_3m,0.857482,407
2025-06-02,ridge,2025-06-02,8,8,0.8,ret_1w;vol_3m;ret_1m;ret_12m;vol_ratio;amihud;ret_3m;ret_6m,0.86503,407
2025-06-02,ridge,2025-06-02,9,9,0.9,ret_1w;vol_3m;ret_1m;ret_12m;vol_ratio;amihud;ret_3m;ret_6m;vol_1m,0.868167,407
2025-06-02,ridge,2025-06-02,10,10,1.0,ret_1w;vol_3m;ret_1m;ret_12m;vol_ratio;amihud;ret_3m;ret_6m;vol_1m;log_mktcap,0.5,407
2025-07-01,ridge,2025-07-01,0,0,0.0,,1.0,407
2025-07-01,ridge,2025-07-01,1,1,0.1,ret_1w,0.999974,407
2025-07-01,ridge,2025-07-01,2,2,0.2,ret_1w;vol_3m,0.993043,407
2025-07-01,ridge,2025-07-01,3,3,0.3,ret_1w;vol_3m;ret_1m,0.971617,407
2025-07-01,ridge,2025-07-01,4,4,0.4,ret_1w;vol_3m;ret_1m;ret_12m,0.945725,407
2025-07-01,ridge,2025-07-01,5,5,0.5,ret_1w;vol_3m;ret_1m;ret_12m;vol_ratio,0.930225,407
2025-07-01,ridge,2025-07-01,6,6,0.6,ret_1w;vol_3m;ret_1m;ret_12m;vol_ratio;amihud,0.913021,407
2025-07-01,ridge,2025-07-01,7,7,0.7,ret_1w;vol_3m;ret_1m;ret_12m;vol_ratio;amihud;ret_3m,0.853419,407
2025-07-01,ridge,2025-07-01,8,8,0.8,ret_1w;vol_3m;ret_1m;ret_12m;vol_ratio;amihud;ret_3m;ret_6m,0.868876,407
2025-07-01,ridge,2025-07-01,9,9,0.9,ret_1w;vol_3m;ret_1m;ret_12m;vol_ratio;amihud;ret_3m;ret_6m;vol_1m,0.890459,407
2025-07-01,ridge,2025-07-01,10,10,1.0,ret_1w;vol_3m;ret_1m;ret_12m;vol_ratio;amihud;ret_3m;ret_6m;vol_1m;log_mktcap,0.5,407
2025-08-01,ridge,2025-08-01,0,0,0.0,,1.0,407
2025-08-01,ridge,2025-08-01,1,1,0.1,ret_1w,0.999999,407
2025-08-01,ridge,2025-08-01,2,2,0.2,ret_1w;vol_3m,0.999262,407
2025-08-01,ridge,2025-08-01,3,3,0.3,ret_1w;vol_3m;ret_1m,0.990579,407
2025-08-01,ridge,2025-08-01,4,4,0.4,ret_1w;vol_3m;ret_1m;ret_12m,0.960343,407
2025-08-01,ridge,2025-08-01,5,5,0.5,ret_1w;vol_3m;ret_1m;ret_12m;vol_ratio,0.929643,407
2025-08-01,ridge,2025-08-01,6,6,0.6,ret_1w;vol_3m;ret_1m;ret_12m;vol_ratio;amihud,0.914948,407
2025-08-01,ridge,2025-08-01,7,7,0.7,ret_1w;vol_3m;ret_1m;ret_12m;vol_ratio;amihud;ret_3m,0.865621,407
2025-08-01,ridge,2025-08-01,8,8,0.8,ret_1w;vol_3m;ret_1m;ret_12m;vol_ratio;amihud;ret_3m;vol_1m,0.858951,407
2025-08-01,ridge,2025-08-01,9,9,0.9,ret_1w;vol_3m;ret_1m;ret_12m;vol_ratio;amihud;ret_3m;vol_1m;ret_6m,0.890059,407
2025-08-01,ridge,2025-08-01,10,10,1.0,ret_1w;vol_3m;ret_1m;ret_12m;vol_ratio;amihud;ret_3m;vol_1m;ret_6m;log_mktcap,0.5,407
2025-09-01,ridge,2025-09-01,0,0,0.0,,1.0,407
2025-09-01,ridge,2025-09-01,1,1,0.1,ret_1w,0.999999,407
2025-09-01,ridge,2025-09-01,2,2,0.2,ret_1w;vol_3m,0.99999,407
2025-09-01,ridge,2025-09-01,3,3,0.3,ret_1w;vol_3m;ret_1m,0.98518,407
2025-09-01,ridge,2025-09-01,4,4,0.4,ret_1w;vol_3m;ret_1m;ret_12m,0.966198,407
2025-09-01,ridge,2025-09-01,5,5,0.5,ret_1w;vol_3m;ret_1m;ret_12m;ret_3m,0.900833,407
2025-09-01,ridge,2025-09-01,6,6,0.6,ret_1w;vol_3m;ret_1m;ret_12m;ret_3m;vol_ratio,0.879281,407
2025-09-01,ridge,2025-09-01,7,7,0.7,ret_1w;vol_3m;ret_1m;ret_12m;ret_3m;vol_ratio;amihud,0.888384,407
2025-09-01,ridge,2025-09-01,8,8,0.8,ret_1w;vol_3m;ret_1m;ret_12m;ret_3m;vol_ratio;amihud;vol_1m,0.881731,407
2025-09-01,ridge,2025-09-01,9,9,0.9,ret_1w;vol_3m;ret_1m;ret_12m;ret_3m;vol_ratio;amihud;vol_1m;ret_6m,0.902731,407
2025-09-01,ridge,2025-09-01,10,10,1.0,ret_1w;vol_3m;ret_1m;ret_12m;ret_3m;vol_ratio;amihud;vol_1m;ret_6m;log_mktcap,0.5,407
2025-10-01,ridge,2025-10-01,0,0,0.0,,1.0,407
2025-10-01,ridge,2025-10-01,1,1,0.1,ret_1w,0.999868,407
2025-10-01,ridge,2025-10-01,2,2,0.2,ret_1w;vol_3m,0.99963,407
2025-10-01,ridge,2025-10-01,3,3,0.3,ret_1w;vol_3m;ret_12m,0.988345,407
2025-10-01,ridge,2025-10-01,4,4,0.4,ret_1w;vol_3m;ret_12m;ret_1m,0.959488,407
2025-10-01,ridge,2025-10-01,5,5,0.5,ret_1w;vol_3m;ret_12m;ret_1m;vol_ratio,0.93499,407
2025-10-01,ridge,2025-10-01,6,6,0.6,ret_1w;vol_3m;ret_12m;ret_1m;vol_ratio;ret_3m,0.855687,407
2025-10-01,ridge,2025-10-01,7,7,0.7,ret_1w;vol_3m;ret_12m;ret_1m;vol_ratio;ret_3m;vol_1m,0.821354,407
2025-10-01,ridge,2025-10-01,8,8,0.8,ret_1w;vol_3m;ret_12m;ret_1m;vol_ratio;ret_3m;vol_1m;amihud,0.858742,407
2025-10-01,ridge,2025-10-01,9,9,0.9,ret_1w;vol_3m;ret_12m;ret_1m;vol_ratio;ret_3m;vol_1m;amihud;ret_6m,0.882353,407
2025-10-01,ridge,2025-10-01,10,10,1.0,ret_1w;vol_3m;ret_12m;ret_1m;vol_ratio;ret_3m;vol_1m;amihud;ret_6m;log_mktcap,0.5,407
2025-11-03,ridge,2025-11-03,0,0,0.0,,1.0,407
2025-11-03,ridge,2025-11-03,1,1,0.1,ret_1w,0.999906,407
2025-11-03,ridge,2025-11-03,2,2,0.2,ret_1w;vol_3m,0.99945,407
2025-11-03,ridge,2025-11-03,3,3,0.3,ret_1w;vol_3m;ret_1m,0.988469,407
2025-11-03,ridge,2025-11-03,4,4,0.4,ret_1w;vol_3m;ret_1m;ret_12m,0.957164,407
2025-11-03,ridge,2025-11-03,5,5,0.5,ret_1w;vol_3m;ret_1m;ret_12m;vol_ratio,0.929731,407
2025-11-03,ridge,2025-11-03,6,6,0.6,ret_1w;vol_3m;ret_1m;ret_12m;vol_ratio;ret_3m,0.84733,407
2025-11-03,ridge,2025-11-03,7,7,0.7,ret_1w;vol_3m;ret_1m;ret_12m;vol_ratio;ret_3m;amihud,0.876058,407
2025-11-03,ridge,2025-11-03,8,8,0.8,ret_1w;vol_3m;ret_1m;ret_12m;vol_ratio;ret_3m;amihud;vol_1m,0.868036,407
2025-11-03,ridge,2025-11-03,9,9,0.9,ret_1w;vol_3m;ret_1m;ret_12m;vol_ratio;ret_3m;amihud;vol_1m;ret_6m,0.900827,407
2025-11-03,ridge,2025-11-03,10,10,1.0,ret_1w;vol_3m;ret_1m;ret_12m;vol_ratio;ret_3m;amihud;vol_1m;ret_6m;log_mktcap,0.5,407
2025-12-01,ridge,2025-12-01,0,0,0.0,,1.0,407
2025-12-01,ridge,2025-12-01,1,1,0.1,vol_3m,0.999883,407
2025-12-01,ridge,2025-12-01,2,2,0.2,vol_3m;ret_1w,0.999608,407
2025-12-01,ridge,2025-12-01,3,3,0.3,vol_3m;ret_1w;ret_12m,0.983962,407
2025-12-01,ridge,2025-12-01,4,4,0.4,vol_3m;ret_1w;ret_12m;ret_1m,0.955572,407
2025-12-01,ridge,2025-12-01,5,5,0.5,vol_3m;ret_1w;ret_12m;ret_1m;ret_3m,0.883595,407
2025-12-01,ridge,2025-12-01,6,6,0.6,vol_3m;ret_1w;ret_12m;ret_1m;ret_3m;vol_ratio,0.855885,407
2025-12-01,ridge,2025-12-01,7,7,0.7,vol_3m;ret_1w;ret_12m;ret_1m;ret_3m;vol_ratio;amihud,0.8793,407
2025-12-01,ridge,2025-12-01,8,8,0.8,vol_3m;ret_1w;ret_12m;ret_1m;ret_3m;vol_ratio;amihud;vol_1m,0.862619,407
2025-12-01,ridge,2025-12-01,9,9,0.9,vol_3m;ret_1w;ret_12m;ret_1m;ret_3m;vol_ratio;amihud;vol_1m;ret_6m,0.885366,407
2025-12-01,ridge,2025-12-01,10,10,1.0,vol_3m;ret_1w;ret_12m;ret_1m;ret_3m;vol_ratio;amihud;vol_1m;ret_6m;log_mktcap,0.5,407
2023-01-02,xgboost,2023-01-02,0,0,0.0,,1.0,407
2023-01-02,xgboost,2023-01-02,1,1,0.1,vol_3m,0.999402,407
2023-01-02,xgboost,2023-01-02,2,2,0.2,vol_3m;vol_1m,0.998627,407
2023-01-02,xgboost,2023-01-02,3,3,0.3,vol_3m;vol_1m;ret_3m,0.996473,407
2023-01-02,xgboost,2023-01-02,4,4,0.4,vol_3m;vol_1m;ret_3m;ret_6m,0.993922,407
2023-01-02,xgboost,2023-01-02,5,5,0.5,vol_3m;vol_1m;ret_3m;ret_6m;amihud,0.990223,407
2023-01-02,xgboost,2023-01-02,6,6,0.6,vol_3m;vol_1m;ret_3m;ret_6m;amihud;ret_1w,0.984948,407
2023-01-02,xgboost,2023-01-02,7,7,0.7,vol_3m;vol_1m;ret_3m;ret_6m;amihud;ret_1w;vol_ratio,0.979775,407
2023-01-02,xgboost,2023-01-02,8,8,0.8,vol_3m;vol_1m;ret_3m;ret_6m;amihud;ret_1w;vol_ratio;ret_12m,0.953377,407
2023-01-02,xgboost,2023-01-02,9,9,0.9,vol_3m;vol_1m;ret_3m;ret_6m;amihud;ret_1w;vol_ratio;ret_12m;ret_1m,0.874303,407
2023-01-02,xgboost,2023-01-02,10,10,1.0,vol_3m;vol_1m;ret_3m;ret_6m;amihud;ret_1w;vol_ratio;ret_12m;ret_1m;log_mktcap,0.5,407
2023-02-01,xgboost,2023-02-01,0,0,0.0,,1.0,407
2023-02-01,xgboost,2023-02-01,1,1,0.1,vol_1m,0.997119,407
2023-02-01,xgboost,2023-02-01,2,2,0.2,vol_1m;ret_3m,0.990973,407
2023-02-01,xgboost,2023-02-01,3,3,0.3,vol_1m;ret_3m;vol_3m,0.982876,407
2023-02-01,xgboost,2023-02-01,4,4,0.4,vol_1m;ret_3m;vol_3m;amihud,0.973202,407
2023-02-01,xgboost,2023-02-01,5,5,0.5,vol_1m;ret_3m;vol_3m;amihud;ret_1w,0.966505,407
2023-02-01,xgboost,2023-02-01,6,6,0.6,vol_1m;ret_3m;vol_3m;amihud;ret_1w;ret_6m,0.946134,407
2023-02-01,xgboost,2023-02-01,7,7,0.7,vol_1m;ret_3m;vol_3m;amihud;ret_1w;ret_6m;vol_ratio,0.931679,407
2023-02-01,xgboost,2023-02-01,8,8,0.8,vol_1m;ret_3m;vol_3m;amihud;ret_1w;ret_6m;vol_ratio;ret_1m,0.899879,407
2023-02-01,xgboost,2023-02-01,9,9,0.9,vol_1m;ret_3m;vol_3m;amihud;ret_1w;ret_6m;vol_ratio;ret_1m;ret_12m,0.885429,407
2023-02-01,xgboost,2023-02-01,10,10,1.0,vol_1m;ret_3m;vol_3m;amihud;ret_1w;ret_6m;vol_ratio;ret_1m;ret_12m;log_mktcap,0.5,407
2023-03-01,xgboost,2023-03-01,0,0,0.0,,1.0,407
2023-03-01,xgboost,2023-03-01,1,1,0.1,vol_1m,0.997055,407
2023-03-01,xgboost,2023-03-01,2,2,0.2,vol_1m;ret_1w,0.993747,407
2023-03-01,xgboost,2023-03-01,3,3,0.3,vol_1m;ret_1w;ret_6m,0.990493,407
2023-03-01,xgboost,2023-03-01,4,4,0.4,vol_1m;ret_1w;ret_6m;amihud,0.984822,407
2023-03-01,xgboost,2023-03-01,5,5,0.5,vol_1m;ret_1w;ret_6m;amihud;ret_3m,0.982302,407
2023-03-01,xgboost,2023-03-01,6,6,0.6,vol_1m;ret_1w;ret_6m;amihud;ret_3m;vol_3m,0.979774,407
2023-03-01,xgboost,2023-03-01,7,7,0.7,vol_1m;ret_1w;ret_6m;amihud;ret_3m;vol_3m;vol_ratio,0.973972,407
2023-03-01,xgboost,2023-03-01,8,8,0.8,vol_1m;ret_1w;ret_6m;amihud;ret_3m;vol_3m;vol_ratio;ret_12m,0.935607,407
2023-03-01,xgboost,2023-03-01,9,9,0.9,vol_1m;ret_1w;ret_6m;amihud;ret_3m;vol_3m;vol_ratio;ret_12m;ret_1m,0.849472,407
2023-03-01,xgboost,2023-03-01,10,10,1.0,vol_1m;ret_1w;ret_6m;amihud;ret_3m;vol_3m;vol_ratio;ret_12m;ret_1m;log_mktcap,0.5,407
2023-04-03,xgboost,2023-04-03,0,0,0.0,,1.0,407
2023-04-03,xgboost,2023-04-03,1,1,0.1,vol_1m,0.989175,407
2023-04-03,xgboost,2023-04-03,2,2,0.2,vol_1m;vol_3m,0.973855,407
2023-04-03,xgboost,2023-04-03,3,3,0.3,vol_1m;vol_3m;vol_ratio,0.947213,407
2023-04-03,xgboost,2023-04-03,4,4,0.4,vol_1m;vol_3m;vol_ratio;amihud,0.936784,407
2023-04-03,xgboost,2023-04-03,5,5,0.5,vol_1m;vol_3m;vol_ratio;amihud;ret_1w,0.921008,407
2023-04-03,xgboost,2023-04-03,6,6,0.6,vol_1m;vol_3m;vol_ratio;amihud;ret_1w;ret_6m,0.902551,407
2023-04-03,xgboost,2023-04-03,7,7,0.7,vol_1m;vol_3m;vol_ratio;amihud;ret_1w;ret_6m;ret_3m,0.899875,407
2023-04-03,xgboost,2023-04-03,8,8,0.8,vol_1m;vol_3m;vol_ratio;amihud;ret_1w;ret_6m;ret_3m;ret_12m,0.882323,407
2023-04-03,xgboost,2023-04-03,9,9,0.9,vol_1m;vol_3m;vol_ratio;amihud;ret_1w;ret_6m;ret_3m;ret_12m;ret_1m,0.839863,407
2023-04-03,xgboost,2023-04-03,10,10,1.0,vol_1m;vol_3m;vol_ratio;amihud;ret_1w;ret_6m;ret_3m;ret_12m;ret_1m;log_mktcap,0.5,407
2023-05-01,xgboost,2023-05-01,0,0,0.0,,1.0,407
2023-05-01,xgboost,2023-05-01,1,1,0.1,vol_1m,0.996882,407
2023-05-01,xgboost,2023-05-01,2,2,0.2,vol_1m;vol_3m,0.98949,407
2023-05-01,xgboost,2023-05-01,3,3,0.3,vol_1m;vol_3m;amihud,0.9811,407
2023-05-01,xgboost,2023-05-01,4,4,0.4,vol_1m;vol_3m;amihud;ret_1w,0.978451,407
2023-05-01,xgboost,2023-05-01,5,5,0.5,vol_1m;vol_3m;amihud;ret_1w;vol_ratio,0.965422,407
2023-05-01,xgboost,2023-05-01,6,6,0.6,vol_1m;vol_3m;amihud;ret_1w;vol_ratio;ret_3m,0.953222,407
2023-05-01,xgboost,2023-05-01,7,7,0.7,vol_1m;vol_3m;amihud;ret_1w;vol_ratio;ret_3m;ret_6m,0.943765,407
2023-05-01,xgboost,2023-05-01,8,8,0.8,vol_1m;vol_3m;amihud;ret_1w;vol_ratio;ret_3m;ret_6m;ret_12m,0.90282,407
2023-05-01,xgboost,2023-05-01,9,9,0.9,vol_1m;vol_3m;amihud;ret_1w;vol_ratio;ret_3m;ret_6m;ret_12m;ret_1m,0.862777,407
2023-05-01,xgboost,2023-05-01,10,10,1.0,vol_1m;vol_3m;amihud;ret_1w;vol_ratio;ret_3m;ret_6m;ret_12m;ret_1m;log_mktcap,0.5,407
2023-06-01,xgboost,2023-06-01,0,0,0.0,,1.0,407
2023-06-01,xgboost,2023-06-01,1,1,0.1,vol_1m,0.988796,407
2023-06-01,xgboost,2023-06-01,2,2,0.2,vol_1m;ret_1w,0.967229,407
2023-06-01,xgboost,2023-06-01,3,3,0.3,vol_1m;ret_1w;ret_6m,0.938562,407
2023-06-01,xgboost,2023-06-01,4,4,0.4,vol_1m;ret_1w;ret_6m;vol_ratio,0.926867,407
2023-06-01,xgboost,2023-06-01,5,5,0.5,vol_1m;ret_1w;ret_6m;vol_ratio;ret_12m,0.90191,407
2023-06-01,xgboost,2023-06-01,6,6,0.6,vol_1m;ret_1w;ret_6m;vol_ratio;ret_12m;ret_3m,0.804931,407
2023-06-01,xgboost,2023-06-01,7,7,0.7,vol_1m;ret_1w;ret_6m;vol_ratio;ret_12m;ret_3m;ret_1m,0.746977,407
2023-06-01,xgboost,2023-06-01,8,8,0.8,vol_1m;ret_1w;ret_6m;vol_ratio;ret_12m;ret_3m;ret_1m;amihud,0.735531,407
2023-06-01,xgboost,2023-06-01,9,9,0.9,vol_1m;ret_1w;ret_6m;vol_ratio;ret_12m;ret_3m;ret_1m;amihud;vol_3m,0.751333,407
2023-06-01,xgboost,2023-06-01,10,10,1.0,vol_1m;ret_1w;ret_6m;vol_ratio;ret_12m;ret_3m;ret_1m;amihud;vol_3m;log_mktcap,0.5,407
2023-07-03,xgboost,2023-07-03,0,0,0.0,,1.0,407
2023-07-03,xgboost,2023-07-03,1,1,0.1,vol_1m,0.999173,407
2023-07-03,xgboost,2023-07-03,2,2,0.2,vol_1m;vol_3m,0.993352,407
2023-07-03,xgboost,2023-07-03,3,3,0.3,vol_1m;vol_3m;ret_1w,0.984494,407
2023-07-03,xgboost,2023-07-03,4,4,0.4,vol_1m;vol_3m;ret_1w;amihud,0.982044,407
2023-07-03,xgboost,2023-07-03,5,5,0.5,vol_1m;vol_3m;ret_1w;amihud;ret_3m,0.972526,407
2023-07-03,xgboost,2023-07-03,6,6,0.6,vol_1m;vol_3m;ret_1w;amihud;ret_3m;vol_ratio,0.964785,407
2023-07-03,xgboost,2023-07-03,7,7,0.7,vol_1m;vol_3m;ret_1w;amihud;ret_3m;vol_ratio;ret_6m,0.949553,407
2023-07-03,xgboost,2023-07-03,8,8,0.8,vol_1m;vol_3m;ret_1w;amihud;ret_3m;vol_ratio;ret_6m;ret_12m,0.924442,407
2023-07-03,xgboost,2023-07-03,9,9,0.9,vol_1m;vol_3m;ret_1w;amihud;ret_3m;vol_ratio;ret_6m;ret_12m;ret_1m,0.827991,407
2023-07-03,xgboost,2023-07-03,10,10,1.0,vol_1m;vol_3m;ret_1w;amihud;ret_3m;vol_ratio;ret_6m;ret_12m;ret_1m;log_mktcap,0.5,407
2023-08-01,xgboost,2023-08-01,0,0,0.0,,1.0,407
2023-08-01,xgboost,2023-08-01,1,1,0.1,ret_1w,1.0,407
2023-08-01,xgboost,2023-08-01,2,2,0.2,ret_1w;vol_3m,0.988734,407
2023-08-01,xgboost,2023-08-01,3,3,0.3,ret_1w;vol_3m;vol_1m,0.948708,407
2023-08-01,xgboost,2023-08-01,4,4,0.4,ret_1w;vol_3m;vol_1m;amihud,0.909795,407
2023-08-01,xgboost,2023-08-01,5,5,0.5,ret_1w;vol_3m;vol_1m;amihud;vol_ratio,0.880373,407
2023-08-01,xgboost,2023-08-01,6,6,0.6,ret_1w;vol_3m;vol_1m;amihud;vol_ratio;ret_12m,0.816568,407
2023-08-01,xgboost,2023-08-01,7,7,0.7,ret_1w;vol_3m;vol_1m;amihud;vol_ratio;ret_12m;ret_6m,0.811925,407
2023-08-01,xgboost,2023-08-01,8,8,0.8,ret_1w;vol_3m;vol_1m;amihud;vol_ratio;ret_12m;ret_6m;ret_3m,0.740449,407
2023-08-01,xgboost,2023-08-01,9,9,0.9,ret_1w;vol_3m;vol_1m;amihud;vol_ratio;ret_12m;ret_6m;ret_3m;ret_1m,0.63676,407
2023-08-01,xgboost,2023-08-01,10,10,1.0,ret_1w;vol_3m;vol_1m;amihud;vol_ratio;ret_12m;ret_6m;ret_3m;ret_1m;log_mktcap,0.5,407
2023-09-01,xgboost,2023-09-01,0,0,0.0,,1.0,407
2023-09-01,xgboost,2023-09-01,1,1,0.1,vol_1m,1.0,407
2023-09-01,xgboost,2023-09-01,2,2,0.2,vol_1m;vol_3m,0.99884,407
2023-09-01,xgboost,2023-09-01,3,3,0.3,vol_1m;vol_3m;ret_6m,0.995644,407
2023-09-01,xgboost,2023-09-01,4,4,0.4,vol_1m;vol_3m;ret_6m;ret_3m,0.99229,407
2023-09-01,xgboost,2023-09-01,5,5,0.5,vol_1m;vol_3m;ret_6m;ret_3m;ret_1w,0.98889,407
2023-09-01,xgboost,2023-09-01,6,6,0.6,vol_1m;vol_3m;ret_6m;ret_3m;ret_1w;amihud,0.977926,407
2023-09-01,xgboost,2023-09-01,7,7,0.7,vol_1m;vol_3m;ret_6m;ret_3m;ret_1w;amihud;vol_ratio,0.971628,407
2023-09-01,xgboost,2023-09-01,8,8,0.8,vol_1m;vol_3m;ret_6m;ret_3m;ret_1w;amihud;vol_ratio;ret_12m,0.959102,407
2023-09-01,xgboost,2023-09-01,9,9,0.9,vol_1m;vol_3m;ret_6m;ret_3m;ret_1w;amihud;vol_ratio;ret_12m;ret_1m,0.86342,407
2023-09-01,xgboost,2023-09-01,10,10,1.0,vol_1m;vol_3m;ret_6m;ret_3m;ret_1w;amihud;vol_ratio;ret_12m;ret_1m;log_mktcap,0.5,407
2023-10-02,xgboost,2023-10-02,0,0,0.0,,1.0,407
2023-10-02,xgboost,2023-10-02,1,1,0.1,vol_1m,0.998595,407
2023-10-02,xgboost,2023-10-02,2,2,0.2,vol_1m;vol_3m,0.997422,407
2023-10-02,xgboost,2023-10-02,3,3,0.3,vol_1m;vol_3m;ret_1w,0.995055,407
2023-10-02,xgboost,2023-10-02,4,4,0.4,vol_1m;vol_3m;ret_1w;amihud,0.990398,407
2023-10-02,xgboost,2023-10-02,5,5,0.5,vol_1m;vol_3m;ret_1w;amihud;vol_ratio,0.989066,407
2023-10-02,xgboost,2023-10-02,6,6,0.6,vol_1m;vol_3m;ret_1w;amihud;vol_ratio;ret_6m,0.976433,407
2023-10-02,xgboost,2023-10-02,7,7,0.7,vol_1m;vol_3m;ret_1w;amihud;vol_ratio;ret_6m;ret_3m,0.969821,407
2023-10-02,xgboost,2023-10-02,8,8,0.8,vol_1m;vol_3m;ret_1w;amihud;vol_ratio;ret_6m;ret_3m;ret_12m,0.957236,407
2023-10-02,xgboost,2023-10-02,9,9,0.9,vol_1m;vol_3m;ret_1w;amihud;vol_ratio;ret_6m;ret_3m;ret_12m;ret_1m,0.856842,407
2023-10-02,xgboost,2023-10-02,10,10,1.0,vol_1m;vol_3m;ret_1w;amihud;vol_ratio;ret_6m;ret_3m;ret_12m;ret_1m;log_mktcap,0.5,407
2023-11-01,xgboost,2023-11-01,0,0,0.0,,1.0,407
2023-11-01,xgboost,2023-11-01,1,1,0.1,vol_1m,0.999874,407
2023-11-01,xgboost,2023-11-01,2,2,0.2,vol_1m;amihud,0.997768,407
2023-11-01,xgboost,2023-11-01,3,3,0.3,vol_1m;amihud;vol_3m,0.995214,407
2023-11-01,xgboost,2023-11-01,4,4,0.4,vol_1m;amihud;vol_3m;ret_3m,0.982965,407
2023-11-01,xgboost,2023-11-01,5,5,0.5,vol_1m;amihud;vol_3m;ret_3m;vol_ratio,0.978708,407
2023-11-01,xgboost,2023-11-01,6,6,0.6,vol_1m;amihud;vol_3m;ret_3m;vol_ratio;ret_1w,0.976554,407
2023-11-01,xgboost,2023-11-01,7,7,0.7,vol_1m;amihud;vol_3m;ret_3m;vol_ratio;ret_1w;ret_6m,0.965753,407
2023-11-01,xgboost,2023-11-01,8,8,0.8,vol_1m;amihud;vol_3m;ret_3m;vol_ratio;ret_1w;ret_6m;ret_12m,0.954592,407
2023-11-01,xgboost,2023-11-01,9,9,0.9,vol_1m;amihud;vol_3m;ret_3m;vol_ratio;ret_1w;ret_6m;ret_12m;ret_1m,0.868454,407
2023-11-01,xgboost,2023-11-01,10,10,1.0,vol_1m;amihud;vol_3m;ret_3m;vol_ratio;ret_1w;ret_6m;ret_12m;ret_1m;log_mktcap,0.5,407
2023-12-01,xgboost,2023-12-01,0,0,0.0,,1.0,407
2023-12-01,xgboost,2023-12-01,1,1,0.1,vol_1m,0.999911,407
2023-12-01,xgboost,2023-12-01,2,2,0.2,vol_1m;vol_3m,0.998699,407
2023-12-01,xgboost,2023-12-01,3,3,0.3,vol_1m;vol_3m;ret_1w,0.997632,407
2023-12-01,xgboost,2023-12-01,4,4,0.4,vol_1m;vol_3m;ret_1w;vol_ratio,0.995458,407
2023-12-01,xgboost,2023-12-01,5,5,0.5,vol_1m;vol_3m;ret_1w;vol_ratio;ret_6m,0.991013,407
2023-12-01,xgboost,2023-12-01,6,6,0.6,vol_1m;vol_3m;ret_1w;vol_ratio;ret_6m;amihud,0.98578,407
2023-12-01,xgboost,2023-12-01,7,7,0.7,vol_1m;vol_3m;ret_1w;vol_ratio;ret_6m;amihud;ret_3m,0.981147,407
2023-12-01,xgboost,2023-12-01,8,8,0.8,vol_1m;vol_3m;ret_1w;vol_ratio;ret_6m;amihud;ret_3m;ret_12m,0.958383,407
2023-12-01,xgboost,2023-12-01,9,9,0.9,vol_1m;vol_3m;ret_1w;vol_ratio;ret_6m;amihud;ret_3m;ret_12m;ret_1m,0.850988,407
2023-12-01,xgboost,2023-12-01,10,10,1.0,vol_1m;vol_3m;ret_1w;vol_ratio;ret_6m;amihud;ret_3m;ret_12m;ret_1m;log_mktcap,0.5,407
2024-01-01,xgboost,2024-01-01,0,0,0.0,,1.0,407
2024-01-01,xgboost,2024-01-01,1,1,0.1,vol_1m,0.999761,407
2024-01-01,xgboost,2024-01-01,2,2,0.2,vol_1m;vol_ratio,0.99872,407
2024-01-01,xgboost,2024-01-01,3,3,0.3,vol_1m;vol_ratio;ret_1w,0.997565,407
2024-01-01,xgboost,2024-01-01,4,4,0.4,vol_1m;vol_ratio;ret_1w;ret_6m,0.993614,407
2024-01-01,xgboost,2024-01-01,5,5,0.5,vol_1m;vol_ratio;ret_1w;ret_6m;vol_3m,0.989109,407
2024-01-01,xgboost,2024-01-01,6,6,0.6,vol_1m;vol_ratio;ret_1w;ret_6m;vol_3m;amihud,0.982245,407
2024-01-01,xgboost,2024-01-01,7,7,0.7,vol_1m;vol_ratio;ret_1w;ret_6m;vol_3m;amihud;ret_3m,0.973625,407
2024-01-01,xgboost,2024-01-01,8,8,0.8,vol_1m;vol_ratio;ret_1w;ret_6m;vol_3m;amihud;ret_3m;ret_12m,0.943986,407
2024-01-01,xgboost,2024-01-01,9,9,0.9,vol_1m;vol_ratio;ret_1w;ret_6m;vol_3m;amihud;ret_3m;ret_12m;ret_1m,0.865481,407
2024-01-01,xgboost,2024-01-01,10,10,1.0,vol_1m;vol_ratio;ret_1w;ret_6m;vol_3m;amihud;ret_3m;ret_12m;ret_1m;log_mktcap,0.5,407
2024-02-01,xgboost,2024-02-01,0,0,0.0,,1.0,407
2024-02-01,xgboost,2024-02-01,1,1,0.1,vol_3m,1.0,407
2024-02-01,xgboost,2024-02-01,2,2,0.2,vol_3m;vol_1m,0.999878,407
2024-02-01,xgboost,2024-02-01,3,3,0.3,vol_3m;vol_1m;ret_1w,0.997601,407
2024-02-01,xgboost,2024-02-01,4,4,0.4,vol_3m;vol_1m;ret_1w;ret_6m,0.993533,407
2024-02-01,xgboost,2024-02-01,5,5,0.5,vol_3m;vol_1m;ret_1w;ret_6m;vol_ratio,0.98322,407
2024-02-01,xgboost,2024-02-01,6,6,0.6,vol_3m;vol_1m;ret_1w;ret_6m;vol_ratio;amihud,0.978439,407
2024-02-01,xgboost,2024-02-01,7,7,0.7,vol_3m;vol_1m;ret_1w;ret_6m;vol_ratio;amihud;ret_3m,0.960993,407
2024-02-01,xgboost,2024-02-01,8,8,0.8,vol_3m;vol_1m;ret_1w;ret_6m;vol_ratio;amihud;ret_3m;ret_12m,0.938065,407
2024-02-01,xgboost,2024-02-01,9,9,0.9,vol_3m;vol_1m;ret_1w;ret_6m;vol_ratio;amihud;ret_3m;ret_12m;ret_1m,0.851086,407
2024-02-01,xgboost,2024-02-01,10,10,1.0,vol_3m;vol_1m;ret_1w;ret_6m;vol_ratio;amihud;ret_3m;ret_12m;ret_1m;log_mktcap,0.5,407
2024-03-01,xgboost,2024-03-01,0,0,0.0,,1.0,407
2024-03-01,xgboost,2024-03-01,1,1,0.1,ret_1w,1.0,407
2024-03-01,xgboost,2024-03-01,2,2,0.2,ret_1w;vol_1m,0.972423,407
2024-03-01,xgboost,2024-03-01,3,3,0.3,ret_1w;vol_1m;vol_3m,0.935458,407
2024-03-01,xgboost,2024-03-01,4,4,0.4,ret_1w;vol_1m;vol_3m;ret_6m,0.905105,407
2024-03-01,xgboost,2024-03-01,5,5,0.5,ret_1w;vol_1m;vol_3m;ret_6m;ret_12m,0.900727,407
2024-03-01,xgboost,2024-03-01,6,6,0.6,ret_1w;vol_1m;vol_3m;ret_6m;ret_12m;vol_ratio,0.858654,407
2024-03-01,xgboost,2024-03-01,7,7,0.7,ret_1w;vol_1m;vol_3m;ret_6m;ret_12m;vol_ratio;ret_3m,0.812221,407
2024-03-01,xgboost,2024-03-01,8,8,0.8,ret_1w;vol_1m;vol_3m;ret_6m;ret_12m;vol_ratio;ret_3m;amihud,0.811286,407
2024-03-01,xgboost,2024-03-01,9,9,0.9,ret_1w;vol_1m;vol_3m;ret_6m;ret_12m;vol_ratio;ret_3m;amihud;ret_1m,0.695113,407
2024-03-01,xgboost,2024-03-01,10,10,1.0,ret_1w;vol_1m;vol_3m;ret_6m;ret_12m;vol_ratio;ret_3m;amihud;ret_1m;log_mktcap,0.5,407
2024-04-01,xgboost,2024-04-01,0,0,0.0,,1.0,407
2024-04-01,xgboost,2024-04-01,1,1,0.1,vol_3m,1.0,407
2024-04-01,xgboost,2024-04-01,2,2,0.2,vol_3m;vol_1m,1.0,407
2024-04-01,xgboost,2024-04-01,3,3,0.3,vol_3m;vol_1m;ret_1w,0.997494,407
2024-04-01,xgboost,2024-04-01,4,4,0.4,vol_3m;vol_1m;ret_1w;vol_ratio,0.991057,407
2024-04-01,xgboost,2024-04-01,5,5,0.5,vol_3m;vol_1m;ret_1w;vol_ratio;ret_6m,0.982934,407
2024-04-01,xgboost,2024-04-01,6,6,0.6,vol_3m;vol_1m;ret_1w;vol_ratio;ret_6m;ret_12m,0.97692,407
2024-04-01,xgboost,2024-04-01,7,7,0.7,vol_3m;vol_1m;ret_1w;vol_ratio;ret_6m;ret_12m;amihud,0.969802,407
2024-04-01,xgboost,2024-04-01,8,8,0.8,vol_3m;vol_1m;ret_1w;vol_ratio;ret_6m;ret_12m;amihud;ret_3m,0.955767,407
2024-04-01,xgboost,2024-04-01,9,9,0.9,vol_3m;vol_1m;ret_1w;vol_ratio;ret_6m;ret_12m;amihud;ret_3m;ret_1m,0.856516,407
2024-04-01,xgboost,2024-04-01,10,10,1.0,vol_3m;vol_1m;ret_1w;vol_ratio;ret_6m;ret_12m;amihud;ret_3m;ret_1m;log_mktcap,0.5,407
2024-05-01,xgboost,2024-05-01,0,0,0.0,,1.0,407
2024-05-01,xgboost,2024-05-01,1,1,0.1,ret_1w,0.997813,407
2024-05-01,xgboost,2024-05-01,2,2,0.2,ret_1w;vol_1m,0.994887,407
2024-05-01,xgboost,2024-05-01,3,3,0.3,ret_1w;vol_1m;ret_6m,0.992365,407
2024-05-01,xgboost,2024-05-01,4,4,0.4,ret_1w;vol_1m;ret_6m;vol_3m,0.985412,407
2024-05-01,xgboost,2024-05-01,5,5,0.5,ret_1w;vol_1m;ret_6m;vol_3m;amihud,0.959126,407
2024-05-01,xgboost,2024-05-01,6,6,0.6,ret_1w;vol_1m;ret_6m;vol_3m;amihud;ret_3m,0.952393,407
2024-05-01,xgboost,2024-05-01,7,7,0.7,ret_1w;vol_1m;ret_6m;vol_3m;amihud;ret_3m;ret_12m,0.945526,407
2024-05-01,xgboost,2024-05-01,8,8,0.8,ret_1w;vol_1m;ret_6m;vol_3m;amihud;ret_3m;ret_12m;vol_ratio,0.93873,407
2024-05-01,xgboost,2024-05-01,9,9,0.9,ret_1w;vol_1m;ret_6m;vol_3m;amihud;ret_3m;ret_12m;vol_ratio;ret_1m,0.84808,407
2024-05-01,xgboost,2024-05-01,10,10,1.0,ret_1w;vol_1m;ret_6m;vol_3m;amihud;ret_3m;ret_12m;vol_ratio;ret_1m;log_mktcap,0.5,407
2024-06-03,xgboost,2024-06-03,0,0,0.0,,1.0,407
2024-06-03,xgboost,2024-06-03,1,1,0.1,vol_3m,1.0,407
2024-06-03,xgboost,2024-06-03,2,2,0.2,vol_3m;vol_1m,1.0,407
2024-06-03,xgboost,2024-06-03,3,3,0.3,vol_3m;vol_1m;ret_1w,0.997949,407
2024-06-03,xgboost,2024-06-03,4,4,0.4,vol_3m;vol_1m;ret_1w;ret_6m,0.994545,407
2024-06-03,xgboost,2024-06-03,5,5,0.5,vol_3m;vol_1m;ret_1w;ret_6m;amihud,0.986173,407
2024-06-03,xgboost,2024-06-03,6,6,0.6,vol_3m;vol_1m;ret_1w;ret_6m;amihud;ret_3m,0.977466,407
2024-06-03,xgboost,2024-06-03,7,7,0.7,vol_3m;vol_1m;ret_1w;ret_6m;amihud;ret_3m;ret_12m,0.954545,407
2024-06-03,xgboost,2024-06-03,8,8,0.8,vol_3m;vol_1m;ret_1w;ret_6m;amihud;ret_3m;ret_12m;vol_ratio,0.931667,407
2024-06-03,xgboost,2024-06-03,9,9,0.9,vol_3m;vol_1m;ret_1w;ret_6m;amihud;ret_3m;ret_12m;vol_ratio;ret_1m,0.852626,407
2024-06-03,xgboost,2024-06-03,10,10,1.0,vol_3m;vol_1m;ret_1w;ret_6m;amihud;ret_3m;ret_12m;vol_ratio;ret_1m;log_mktcap,0.5,407
2024-07-01,xgboost,2024-07-01,0,0,0.0,,1.0,407
2024-07-01,xgboost,2024-07-01,1,1,0.1,vol_ratio,1.0,407
2024-07-01,xgboost,2024-07-01,2,2,0.2,vol_ratio;ret_1w,1.0,407
2024-07-01,xgboost,2024-07-01,3,3,0.3,vol_ratio;ret_1w;vol_3m,0.996795,407
2024-07-01,xgboost,2024-07-01,4,4,0.4,vol_ratio;ret_1w;vol_3m;amihud,0.982171,407
2024-07-01,xgboost,2024-07-01,5,5,0.5,vol_ratio;ret_1w;vol_3m;amihud;ret_6m,0.928057,407
2024-07-01,xgboost,2024-07-01,6,6,0.6,vol_ratio;ret_1w;vol_3m;amihud;ret_6m;vol_1m,0.84327,407
2024-07-01,xgboost,2024-07-01,7,7,0.7,vol_ratio;ret_1w;vol_3m;amihud;ret_6m;vol_1m;ret_12m,0.765663,407
2024-07-01,xgboost,2024-07-01,8,8,0.8,vol_ratio;ret_1w;vol_3m;amihud;ret_6m;vol_1m;ret_12m;ret_3m,0.701783,407
2024-07-01,xgboost,2024-07-01,9,9,0.9,vol_ratio;ret_1w;vol_3m;amihud;ret_6m;vol_1m;ret_12m;ret_3m;ret_1m,0.671443,407
2024-07-01,xgboost,2024-07-01,10,10,1.0,vol_ratio;ret_1w;vol_3m;amihud;ret_6m;vol_1m;ret_12m;ret_3m;ret_1m;log_mktcap,0.5,407
2024-08-01,xgboost,2024-08-01,0,0,0.0,,1.0,407
2024-08-01,xgboost,2024-08-01,1,1,0.1,vol_1m,0.998516,407
2024-08-01,xgboost,2024-08-01,2,2,0.2,vol_1m;ret_1w,0.99349,407
2024-08-01,xgboost,2024-08-01,3,3,0.3,vol_1m;ret_1w;vol_3m,0.98793,407
2024-08-01,xgboost,2024-08-01,4,4,0.4,vol_1m;ret_1w;vol_3m;amihud,0.977017,407
2024-08-01,xgboost,2024-08-01,5,5,0.5,vol_1m;ret_1w;vol_3m;amihud;ret_3m,0.956214,407
2024-08-01,xgboost,2024-08-01,6,6,0.6,vol_1m;ret_1w;vol_3m;amihud;ret_3m;ret_6m,0.947627,407
2024-08-01,xgboost,2024-08-01,7,7,0.7,vol_1m;ret_1w;vol_3m;amihud;ret_3m;ret_6m;vol_ratio,0.936405,407
2024-08-01,xgboost,2024-08-01,8,8,0.8,vol_1m;ret_1w;vol_3m;amihud;ret_3m;ret_6m;vol_ratio;ret_12m,0.927867,407
2024-08-01,xgboost,2024-08-01,9,9,0.9,vol_1m;ret_1w;vol_3m;amihud;ret_3m;ret_6m;vol_ratio;ret_12m;ret_1m,0.841341,407
2024-08-01,xgboost,2024-08-01,10,10,1.0,vol_1m;ret_1w;vol_3m;amihud;ret_3m;ret_6m;vol_ratio;ret_12m;ret_1m;log_mktcap,0.5,407
2024-09-02,xgboost,2024-09-02,0,0,0.0,,1.0,407
2024-09-02,xgboost,2024-09-02,1,1,0.1,vol_1m,0.999489,407
2024-09-02,xgboost,2024-09-02,2,2,0.2,vol_1m;vol_3m,0.998525,407
2024-09-02,xgboost,2024-09-02,3,3,0.3,vol_1m;vol_3m;ret_6m,0.995449,407
2024-09-02,xgboost,2024-09-02,4,4,0.4,vol_1m;vol_3m;ret_6m;ret_1w,0.993973,407
2024-09-02,xgboost,2024-09-02,5,5,0.5,vol_1m;vol_3m;ret_6m;ret_1w;vol_ratio,0.990849,407
2024-09-02,xgboost,2024-09-02,6,6,0.6,vol_1m;vol_3m;ret_6m;ret_1w;vol_ratio;ret_3m,0.987071,407
2024-09-02,xgboost,2024-09-02,7,7,0.7,vol_1m;vol_3m;ret_6m;ret_1w;vol_ratio;ret_3m;amihud,0.979891,407
2024-09-02,xgboost,2024-09-02,8,8,0.8,vol_1m;vol_3m;ret_6m;ret_1w;vol_ratio;ret_3m;amihud;ret_12m,0.959419,407
2024-09-02,xgboost,2024-09-02,9,9,0.9,vol_1m;vol_3m;ret_6m;ret_1w;vol_ratio;ret_3m;amihud;ret_12m;ret_1m,0.823023,407
2024-09-02,xgboost,2024-09-02,10,10,1.0,vol_1m;vol_3m;ret_6m;ret_1w;vol_ratio;ret_3m;amihud;ret_12m;ret_1m;log_mktcap,0.5,407
2024-10-01,xgboost,2024-10-01,0,0,0.0,,1.0,407
2024-10-01,xgboost,2024-10-01,1,1,0.1,vol_1m,0.999772,407
2024-10-01,xgboost,2024-10-01,2,2,0.2,vol_1m;ret_6m,0.997225,407
2024-10-01,xgboost,2024-10-01,3,3,0.3,vol_1m;ret_6m;vol_3m,0.995819,407
2024-10-01,xgboost,2024-10-01,4,4,0.4,vol_1m;ret_6m;vol_3m;ret_1w,0.991397,407
2024-10-01,xgboost,2024-10-01,5,5,0.5,vol_1m;ret_6m;vol_3m;ret_1w;ret_3m,0.985559,407
2024-10-01,xgboost,2024-10-01,6,6,0.6,vol_1m;ret_6m;vol_3m;ret_1w;ret_3m;vol_ratio,0.982239,407
2024-10-01,xgboost,2024-10-01,7,7,0.7,vol_1m;ret_6m;vol_3m;ret_1w;ret_3m;vol_ratio;amihud,0.977041,407
2024-10-01,xgboost,2024-10-01,8,8,0.8,vol_1m;ret_6m;vol_3m;ret_1w;ret_3m;vol_ratio;amihud;ret_12m,0.963175,407
2024-10-01,xgboost,2024-10-01,9,9,0.9,vol_1m;ret_6m;vol_3m;ret_1w;ret_3m;vol_ratio;amihud;ret_12m;ret_1m,0.841794,407
2024-10-01,xgboost,2024-10-01,10,10,1.0,vol_1m;ret_6m;vol_3m;ret_1w;ret_3m;vol_ratio;amihud;ret_12m;ret_1m;log_mktcap,0.5,407
2024-11-01,xgboost,2024-11-01,0,0,0.0,,1.0,407
2024-11-01,xgboost,2024-11-01,1,1,0.1,ret_1w,1.0,407
2024-11-01,xgboost,2024-11-01,2,2,0.2,ret_1w;vol_1m,1.0,407
2024-11-01,xgboost,2024-11-01,3,3,0.3,ret_1w;vol_1m;amihud,1.0,407
2024-11-01,xgboost,2024-11-01,4,4,0.4,ret_1w;vol_1m;amihud;vol_3m,1.0,407
2024-11-01,xgboost,2024-11-01,5,5,0.5,ret_1w;vol_1m;amihud;vol_3m;vol_ratio,0.99756,407
2024-11-01,xgboost,2024-11-01,6,6,0.6,ret_1w;vol_1m;amihud;vol_3m;vol_ratio;ret_6m,0.985187,407
2024-11-01,xgboost,2024-11-01,7,7,0.7,ret_1w;vol_1m;amihud;vol_3m;vol_ratio;ret_6m;ret_3m,0.97612,407
2024-11-01,xgboost,2024-11-01,8,8,0.8,ret_1w;vol_1m;amihud;vol_3m;vol_ratio;ret_6m;ret_3m;ret_12m,0.957541,407
2024-11-01,xgboost,2024-11-01,9,9,0.9,ret_1w;vol_1m;amihud;vol_3m;vol_ratio;ret_6m;ret_3m;ret_12m;ret_1m,0.818709,407
2024-11-01,xgboost,2024-11-01,10,10,1.0,ret_1w;vol_1m;amihud;vol_3m;vol_ratio;ret_6m;ret_3m;ret_12m;ret_1m;log_mktcap,0.5,407
2024-12-02,xgboost,2024-12-02,0,0,0.0,,1.0,407
2024-12-02,xgboost,2024-12-02,1,1,0.1,ret_1w,1.0,407
2024-12-02,xgboost,2024-12-02,2,2,0.2,ret_1w;vol_1m,1.0,407
2024-12-02,xgboost,2024-12-02,3,3,0.3,ret_1w;vol_1m;amihud,1.0,407
2024-12-02,xgboost,2024-12-02,4,4,0.4,ret_1w;vol_1m;amihud;vol_3m,1.0,407
2024-12-02,xgboost,2024-12-02,5,5,0.5,ret_1w;vol_1m;amihud;vol_3m;vol_ratio,0.994842,407
2024-12-02,xgboost,2024-12-02,6,6,0.6,ret_1w;vol_1m;amihud;vol_3m;vol_ratio;ret_3m,0.988947,407
2024-12-02,xgboost,2024-12-02,7,7,0.7,ret_1w;vol_1m;amihud;vol_3m;vol_ratio;ret_3m;ret_6m,0.971737,407
2024-12-02,xgboost,2024-12-02,8,8,0.8,ret_1w;vol_1m;amihud;vol_3m;vol_ratio;ret_3m;ret_6m;ret_12m,0.957003,407
2024-12-02,xgboost,2024-12-02,9,9,0.9,ret_1w;vol_1m;amihud;vol_3m;vol_ratio;ret_3m;ret_6m;ret_12m;ret_1m,0.830064,407
2024-12-02,xgboost,2024-12-02,10,10,1.0,ret_1w;vol_1m;amihud;vol_3m;vol_ratio;ret_3m;ret_6m;ret_12m;ret_1m;log_mktcap,0.5,407
2025-01-01,xgboost,2025-01-01,0,0,0.0,,1.0,407
2025-01-01,xgboost,2025-01-01,1,1,0.1,vol_3m,0.999262,407
2025-01-01,xgboost,2025-01-01,2,2,0.2,vol_3m;vol_1m,0.997821,407
2025-01-01,xgboost,2025-01-01,3,3,0.3,vol_3m;vol_1m;ret_6m,0.992183,407
2025-01-01,xgboost,2025-01-01,4,4,0.4,vol_3m;vol_1m;ret_6m;ret_1w,0.982496,407
2025-01-01,xgboost,2025-01-01,5,5,0.5,vol_3m;vol_1m;ret_6m;ret_1w;ret_3m,0.978683,407
2025-01-01,xgboost,2025-01-01,6,6,0.6,vol_3m;vol_1m;ret_6m;ret_1w;ret_3m;vol_ratio,0.969903,407
2025-01-01,xgboost,2025-01-01,7,7,0.7,vol_3m;vol_1m;ret_6m;ret_1w;ret_3m;vol_ratio;ret_12m,0.955887,407
2025-01-01,xgboost,2025-01-01,8,8,0.8,vol_3m;vol_1m;ret_6m;ret_1w;ret_3m;vol_ratio;ret_12m;amihud,0.954582,407
2025-01-01,xgboost,2025-01-01,9,9,0.9,vol_3m;vol_1m;ret_6m;ret_1w;ret_3m;vol_ratio;ret_12m;amihud;ret_1m,0.883825,407
2025-01-01,xgboost,2025-01-01,10,10,1.0,vol_3m;vol_1m;ret_6m;ret_1w;ret_3m;vol_ratio;ret_12m;amihud;ret_1m;log_mktcap,0.5,407
2025-02-03,xgboost,2025-02-03,0,0,0.0,,1.0,407
2025-02-03,xgboost,2025-02-03,1,1,0.1,ret_1w,1.0,407
2025-02-03,xgboost,2025-02-03,2,2,0.2,ret_1w;vol_ratio,1.0,407
2025-02-03,xgboost,2025-02-03,3,3,0.3,ret_1w;vol_ratio;vol_3m,1.0,407
2025-02-03,xgboost,2025-02-03,4,4,0.4,ret_1w;vol_ratio;vol_3m;vol_1m,0.985617,407
2025-02-03,xgboost,2025-02-03,5,5,0.5,ret_1w;vol_ratio;vol_3m;vol_1m;amihud,0.970856,407
2025-02-03,xgboost,2025-02-03,6,6,0.6,ret_1w;vol_ratio;vol_3m;vol_1m;amihud;ret_6m,0.947841,407
2025-02-03,xgboost,2025-02-03,7,7,0.7,ret_1w;vol_ratio;vol_3m;vol_1m;amihud;ret_6m;ret_12m,0.932687,407
2025-02-03,xgboost,2025-02-03,8,8,0.8,ret_1w;vol_ratio;vol_3m;vol_1m;amihud;ret_6m;ret_12m;ret_3m,0.887261,407
2025-02-03,xgboost,2025-02-03,9,9,0.9,ret_1w;vol_ratio;vol_3m;vol_1m;amihud;ret_6m;ret_12m;ret_3m;ret_1m,0.777916,407
2025-02-03,xgboost,2025-02-03,10,10,1.0,ret_1w;vol_ratio;vol_3m;vol_1m;amihud;ret_6m;ret_12m;ret_3m;ret_1m;log_mktcap,0.5,407
2025-03-03,xgboost,2025-03-03,0,0,0.0,,1.0,407
2025-03-03,xgboost,2025-03-03,1,1,0.1,vol_ratio,1.0,407
2025-03-03,xgboost,2025-03-03,2,2,0.2,vol_ratio;ret_1w,1.0,407
2025-03-03,xgboost,2025-03-03,3,3,0.3,vol_ratio;ret_1w;ret_6m,0.944216,407
2025-03-03,xgboost,2025-03-03,4,4,0.4,vol_ratio;ret_1w;ret_6m;amihud,0.876329,407
2025-03-03,xgboost,2025-03-03,5,5,0.5,vol_ratio;ret_1w;ret_6m;amihud;vol_3m,0.808567,407
2025-03-03,xgboost,2025-03-03,6,6,0.6,vol_ratio;ret_1w;ret_6m;amihud;vol_3m;vol_1m,0.759942,407
2025-03-03,xgboost,2025-03-03,7,7,0.7,vol_ratio;ret_1w;ret_6m;amihud;vol_3m;vol_1m;ret_1m,0.682278,407
2025-03-03,xgboost,2025-03-03,8,8,0.8,vol_ratio;ret_1w;ret_6m;amihud;vol_3m;vol_1m;ret_1m;ret_3m,0.556263,407
2025-03-03,xgboost,2025-03-03,9,9,0.9,vol_ratio;ret_1w;ret_6m;amihud;vol_3m;vol_1m;ret_1m;ret_3m;log_mktcap,0.525156,407
2025-03-03,xgboost,2025-03-03,10,10,1.0,vol_ratio;ret_1w;ret_6m;amihud;vol_3m;vol_1m;ret_1m;ret_3m;log_mktcap;ret_12m,0.5,407
2025-04-01,xgboost,2025-04-01,0,0,0.0,,1.0,407
2025-04-01,xgboost,2025-04-01,1,1,0.1,vol_ratio,1.0,407
2025-04-01,xgboost,2025-04-01,2,2,0.2,vol_ratio;ret_1w,1.0,407
2025-04-01,xgboost,2025-04-01,3,3,0.3,vol_ratio;ret_1w;vol_3m,0.982362,407
2025-04-01,xgboost,2025-04-01,4,4,0.4,vol_ratio;ret_1w;vol_3m;vol_1m,0.944038,407
2025-04-01,xgboost,2025-04-01,5,5,0.5,vol_ratio;ret_1w;vol_3m;vol_1m;amihud,0.883817,407
2025-04-01,xgboost,2025-04-01,6,6,0.6,vol_ratio;ret_1w;vol_3m;vol_1m;amihud;ret_6m,0.820205,407
2025-04-01,xgboost,2025-04-01,7,7,0.7,vol_ratio;ret_1w;vol_3m;vol_1m;amihud;ret_6m;ret_3m,0.700523,407
2025-04-01,xgboost,2025-04-01,8,8,0.8,vol_ratio;ret_1w;vol_3m;vol_1m;amihud;ret_6m;ret_3m;ret_1m,0.579696,407
2025-04-01,xgboost,2025-04-01,9,9,0.9,vol_ratio;ret_1w;vol_3m;vol_1m;amihud;ret_6m;ret_3m;ret_1m;ret_12m,0.694367,407
2025-04-01,xgboost,2025-04-01,10,10,1.0,vol_ratio;ret_1w;vol_3m;vol_1m;amihud;ret_6m;ret_3m;ret_1m;ret_12m;log_mktcap,0.5,407
2025-05-01,xgboost,2025-05-01,0,0,0.0,,1.0,407
2025-05-01,xgboost,2025-05-01,1,1,0.1,ret_1w,1.0,407
2025-05-01,xgboost,2025-05-01,2,2,0.2,ret_1w;vol_1m,1.0,407
2025-05-01,xgboost,2025-05-01,3,3,0.3,ret_1w;vol_1m;vol_ratio,1.0,407
2025-05-01,xgboost,2025-05-01,4,4,0.4,ret_1w;vol_1m;vol_ratio;amihud,0.945808,407
2025-05-01,xgboost,2025-05-01,5,5,0.5,ret_1w;vol_1m;vol_ratio;amihud;ret_6m,0.895765,407
2025-05-01,xgboost,2025-05-01,6,6,0.6,ret_1w;vol_1m;vol_ratio;amihud;ret_6m;vol_3m,0.832756,407
2025-05-01,xgboost,2025-05-01,7,7,0.7,ret_1w;vol_1m;vol_ratio;amihud;ret_6m;vol_3m;ret_1m,0.780215,407
2025-05-01,xgboost,2025-05-01,8,8,0.8,ret_1w;vol_1m;vol_ratio;amihud;ret_6m;vol_3m;ret_1m;log_mktcap,0.616499,407
2025-05-01,xgboost,2025-05-01,9,9,0.9,ret_1w;vol_1m;vol_ratio;amihud;ret_6m;vol_3m;ret_1m;log_mktcap;ret_12m,0.616499,407
2025-05-01,xgboost,2025-05-01,10,10,1.0,ret_1w;vol_1m;vol_ratio;amihud;ret_6m;vol_3m;ret_1m;log_mktcap;ret_12m;ret_3m,0.5,407
2025-06-02,xgboost,2025-06-02,0,0,0.0,,1.0,407
2025-06-02,xgboost,2025-06-02,1,1,0.1,vol_1m,0.989268,407
2025-06-02,xgboost,2025-06-02,2,2,0.2,vol_1m;vol_ratio,0.951489,407
2025-06-02,xgboost,2025-06-02,3,3,0.3,vol_1m;vol_ratio;ret_1w,0.931952,407
2025-06-02,xgboost,2025-06-02,4,4,0.4,vol_1m;vol_ratio;ret_1w;vol_3m,0.931422,407
2025-06-02,xgboost,2025-06-02,5,5,0.5,vol_1m;vol_ratio;ret_1w;vol_3m;ret_6m,0.903611,407
2025-06-02,xgboost,2025-06-02,6,6,0.6,vol_1m;vol_ratio;ret_1w;vol_3m;ret_6m;ret_12m,0.882775,407
2025-06-02,xgboost,2025-06-02,7,7,0.7,vol_1m;vol_ratio;ret_1w;vol_3m;ret_6m;ret_12m;amihud,0.793288,407
2025-06-02,xgboost,2025-06-02,8,8,0.8,vol_1m;vol_ratio;ret_1w;vol_3m;ret_6m;ret_12m;amihud;ret_1m,0.793175,407
2025-06-02,xgboost,2025-06-02,9,9,0.9,vol_1m;vol_ratio;ret_1w;vol_3m;ret_6m;ret_12m;amihud;ret_1m;ret_3m,0.755458,407
2025-06-02,xgboost,2025-06-02,10,10,1.0,vol_1m;vol_ratio;ret_1w;vol_3m;ret_6m;ret_12m;amihud;ret_1m;ret_3m;log_mktcap,0.5,407
2025-07-01,xgboost,2025-07-01,0,0,0.0,,1.0,407
2025-07-01,xgboost,2025-07-01,1,1,0.1,ret_12m,0.984832,407
2025-07-01,xgboost,2025-07-01,2,2,0.2,ret_12m;vol_1m,0.964237,407
2025-07-01,xgboost,2025-07-01,3,3,0.3,ret_12m;vol_1m;vol_3m,0.955716,407
2025-07-01,xgboost,2025-07-01,4,4,0.4,ret_12m;vol_1m;vol_3m;ret_6m,0.916319,407
2025-07-01,xgboost,2025-07-01,5,5,0.5,ret_12m;vol_1m;vol_3m;ret_6m;vol_ratio,0.887753,407
2025-07-01,xgboost,2025-07-01,6,6,0.6,ret_12m;vol_1m;vol_3m;ret_6m;vol_ratio;amihud,0.870502,407
2025-07-01,xgboost,2025-07-01,7,7,0.7,ret_12m;vol_1m;vol_3m;ret_6m;vol_ratio;amihud;ret_1w,0.833816,407
2025-07-01,xgboost,2025-07-01,8,8,0.8,ret_12m;vol_1m;vol_3m;ret_6m;vol_ratio;amihud;ret_1w;ret_1m,0.785002,407
2025-07-01,xgboost,2025-07-01,9,9,0.9,ret_12m;vol_1m;vol_3m;ret_6m;vol_ratio;amihud;ret_1w;ret_1m;log_mktcap,0.682801,407
2025-07-01,xgboost,2025-07-01,10,10,1.0,ret_12m;vol_1m;vol_3m;ret_6m;vol_ratio;amihud;ret_1w;ret_1m;log_mktcap;ret_3m,0.5,407
2025-08-01,xgboost,2025-08-01,0,0,0.0,,1.0,407
2025-08-01,xgboost,2025-08-01,1,1,0.1,vol_1m,0.981369,407
2025-08-01,xgboost,2025-08-01,2,2,0.2,vol_1m;vol_ratio,0.969044,407
2025-08-01,xgboost,2025-08-01,3,3,0.3,vol_1m;vol_ratio;ret_6m,0.953631,407
2025-08-01,xgboost,2025-08-01,4,4,0.4,vol_1m;vol_ratio;ret_6m;ret_1w,0.934799,407
2025-08-01,xgboost,2025-08-01,5,5,0.5,vol_1m;vol_ratio;ret_6m;ret_1w;vol_3m,0.909319,407
2025-08-01,xgboost,2025-08-01,6,6,0.6,vol_1m;vol_ratio;ret_6m;ret_1w;vol_3m;ret_12m,0.881286,407
2025-08-01,xgboost,2025-08-01,7,7,0.7,vol_1m;vol_ratio;ret_6m;ret_1w;vol_3m;ret_12m;amihud,0.805493,407
2025-08-01,xgboost,2025-08-01,8,8,0.8,vol_1m;vol_ratio;ret_6m;ret_1w;vol_3m;ret_12m;amihud;ret_1m,0.741845,407
2025-08-01,xgboost,2025-08-01,9,9,0.9,vol_1m;vol_ratio;ret_6m;ret_1w;vol_3m;ret_12m;amihud;ret_1m;ret_3m,0.683683,407
2025-08-01,xgboost,2025-08-01,10,10,1.0,vol_1m;vol_ratio;ret_6m;ret_1w;vol_3m;ret_12m;amihud;ret_1m;ret_3m;log_mktcap,0.5,407
2025-09-01,xgboost,2025-09-01,0,0,0.0,,1.0,407
2025-09-01,xgboost,2025-09-01,1,1,0.1,vol_1m,0.980342,407
2025-09-01,xgboost,2025-09-01,2,2,0.2,vol_1m;ret_6m,0.962568,407
2025-09-01,xgboost,2025-09-01,3,3,0.3,vol_1m;ret_6m;vol_3m,0.948609,407
2025-09-01,xgboost,2025-09-01,4,4,0.4,vol_1m;ret_6m;vol_3m;vol_ratio,0.915057,407
2025-09-01,xgboost,2025-09-01,5,5,0.5,vol_1m;ret_6m;vol_3m;vol_ratio;ret_12m,0.884663,407
2025-09-01,xgboost,2025-09-01,6,6,0.6,vol_1m;ret_6m;vol_3m;vol_ratio;ret_12m;amihud,0.855288,407
2025-09-01,xgboost,2025-09-01,7,7,0.7,vol_1m;ret_6m;vol_3m;vol_ratio;ret_12m;amihud;ret_1w,0.84543,407
2025-09-01,xgboost,2025-09-01,8,8,0.8,vol_1m;ret_6m;vol_3m;vol_ratio;ret_12m;amihud;ret_1w;ret_3m,0.820426,407
2025-09-01,xgboost,2025-09-01,9,9,0.9,vol_1m;ret_6m;vol_3m;vol_ratio;ret_12m;amihud;ret_1w;ret_3m;ret_1m,0.743571,407
2025-09-01,xgboost,2025-09-01,10,10,1.0,vol_1m;ret_6m;vol_3m;vol_ratio;ret_12m;amihud;ret_1w;ret_3m;ret_1m;log_mktcap,0.5,407
2025-10-01,xgboost,2025-10-01,0,0,0.0,,1.0,407
2025-10-01,xgboost,2025-10-01,1,1,0.1,vol_1m,0.988789,407
2025-10-01,xgboost,2025-10-01,2,2,0.2,vol_1m;ret_6m,0.967146,407
2025-10-01,xgboost,2025-10-01,3,3,0.3,vol_1m;ret_6m;vol_ratio,0.936904,407
2025-10-01,xgboost,2025-10-01,4,4,0.4,vol_1m;ret_6m;vol_ratio;vol_3m,0.910909,407
2025-10-01,xgboost,2025-10-01,5,5,0.5,vol_1m;ret_6m;vol_ratio;vol_3m;amihud,0.888164,407
2025-10-01,xgboost,2025-10-01,6,6,0.6,vol_1m;ret_6m;vol_ratio;vol_3m;amihud;ret_3m,0.859902,407
2025-10-01,xgboost,2025-10-01,7,7,0.7,vol_1m;ret_6m;vol_ratio;vol_3m;amihud;ret_3m;ret_12m,0.839281,407
2025-10-01,xgboost,2025-10-01,8,8,0.8,vol_1m;ret_6m;vol_ratio;vol_3m;amihud;ret_3m;ret_12m;ret_1w,0.854228,407
2025-10-01,xgboost,2025-10-01,9,9,0.9,vol_1m;ret_6m;vol_ratio;vol_3m;amihud;ret_3m;ret_12m;ret_1w;ret_1m,0.784709,407
2025-10-01,xgboost,2025-10-01,10,10,1.0,vol_1m;ret_6m;vol_ratio;vol_3m;amihud;ret_3m;ret_12m;ret_1w;ret_1m;log_mktcap,0.5,407
2025-11-03,xgboost,2025-11-03,0,0,0.0,,1.0,407
2025-11-03,xgboost,2025-11-03,1,1,0.1,vol_1m,0.980104,407
2025-11-03,xgboost,2025-11-03,2,2,0.2,vol_1m;vol_ratio,0.959037,407
2025-11-03,xgboost,2025-11-03,3,3,0.3,vol_1m;vol_ratio;ret_1w,0.900998,407
2025-11-03,xgboost,2025-11-03,4,4,0.4,vol_1m;vol_ratio;ret_1w;ret_12m,0.884179,407
2025-11-03,xgboost,2025-11-03,5,5,0.5,vol_1m;vol_ratio;ret_1w;ret_12m;ret_6m,0.828918,407
2025-11-03,xgboost,2025-11-03,6,6,0.6,vol_1m;vol_ratio;ret_1w;ret_12m;ret_6m;vol_3m,0.814987,407
2025-11-03,xgboost,2025-11-03,7,7,0.7,vol_1m;vol_ratio;ret_1w;ret_12m;ret_6m;vol_3m;ret_3m,0.790788,407
2025-11-03,xgboost,2025-11-03,8,8,0.8,vol_1m;vol_ratio;ret_1w;ret_12m;ret_6m;vol_3m;ret_3m;amihud,0.793541,407
2025-11-03,xgboost,2025-11-03,9,9,0.9,vol_1m;vol_ratio;ret_1w;ret_12m;ret_6m;vol_3m;ret_3m;amihud;ret_1m,0.76934,407
2025-11-03,xgboost,2025-11-03,10,10,1.0,vol_1m;vol_ratio;ret_1w;ret_12m;ret_6m;vol_3m;ret_3m;amihud;ret_1m;log_mktcap,0.5,407
2025-12-01,xgboost,2025-12-01,0,0,0.0,,1.0,407
2025-12-01,xgboost,2025-12-01,1,1,0.1,vol_1m,0.981239,407
2025-12-01,xgboost,2025-12-01,2,2,0.2,vol_1m;ret_6m,0.941603,407
2025-12-01,xgboost,2025-12-01,3,3,0.3,vol_1m;ret_6m;vol_ratio,0.913129,407
2025-12-01,xgboost,2025-12-01,4,4,0.4,vol_1m;ret_6m;vol_ratio;ret_12m,0.881358,407
2025-12-01,xgboost,2025-12-01,5,5,0.5,vol_1m;ret_6m;vol_ratio;ret_12m;vol_3m,0.852009,407
2025-12-01,xgboost,2025-12-01,6,6,0.6,vol_1m;ret_6m;vol_ratio;ret_12m;vol_3m;ret_1w,0.844448,407
2025-12-01,xgboost,2025-12-01,7,7,0.7,vol_1m;ret_6m;vol_ratio;ret_12m;vol_3m;ret_1w;amihud,0.829958,407
2025-12-01,xgboost,2025-12-01,8,8,0.8,vol_1m;ret_6m;vol_ratio;ret_12m;vol_3m;ret_1w;amihud;ret_3m,0.814264,407
2025-12-01,xgboost,2025-12-01,9,9,0.9,vol_1m;ret_6m;vol_ratio;ret_12m;vol_3m;ret_1w;amihud;ret_3m;ret_1m,0.776417,407
2025-12-01,xgboost,2025-12-01,10,10,1.0,vol_1m;ret_6m;vol_ratio;ret_12m;vol_3m;ret_1w;amihud;ret_3m;ret_1m;log_mktcap,0.5,407
2023-01-02,mlp,2023-01-02,0,0,0.0,,1.0,407
2023-01-02,mlp,2023-01-02,1,1,0.1,ret_3m,0.895403,407
2023-01-02,mlp,2023-01-02,2,2,0.2,ret_3m;ret_1w,0.819647,407
2023-01-02,mlp,2023-01-02,3,3,0.3,ret_3m;ret_1w;ret_6m,0.771766,407
2023-01-02,mlp,2023-01-02,4,4,0.4,ret_3m;ret_1w;ret_6m;vol_ratio,0.702599,407
2023-01-02,mlp,2023-01-02,5,5,0.5,ret_3m;ret_1w;ret_6m;vol_ratio;ret_1m,0.616743,407
2023-01-02,mlp,2023-01-02,6,6,0.6,ret_3m;ret_1w;ret_6m;vol_ratio;ret_1m;amihud,0.627838,407
2023-01-02,mlp,2023-01-02,7,7,0.7,ret_3m;ret_1w;ret_6m;vol_ratio;ret_1m;amihud;ret_12m,0.600369,407
2023-01-02,mlp,2023-01-02,8,8,0.8,ret_3m;ret_1w;ret_6m;vol_ratio;ret_1m;amihud;ret_12m;vol_3m,0.60373,407
2023-01-02,mlp,2023-01-02,9,9,0.9,ret_3m;ret_1w;ret_6m;vol_ratio;ret_1m;amihud;ret_12m;vol_3m;log_mktcap,0.528142,407
2023-01-02,mlp,2023-01-02,10,10,1.0,ret_3m;ret_1w;ret_6m;vol_ratio;ret_1m;amihud;ret_12m;vol_3m;log_mktcap;vol_1m,0.499821,407
2023-02-01,mlp,2023-02-01,0,0,0.0,,1.0,407
2023-02-01,mlp,2023-02-01,1,1,0.1,ret_1m,0.898795,407
2023-02-01,mlp,2023-02-01,2,2,0.2,ret_1m;ret_3m,0.815057,407
2023-02-01,mlp,2023-02-01,3,3,0.3,ret_1m;ret_3m;vol_ratio,0.754812,407
2023-02-01,mlp,2023-02-01,4,4,0.4,ret_1m;ret_3m;vol_ratio;ret_12m,0.73571,407
2023-02-01,mlp,2023-02-01,5,5,0.5,ret_1m;ret_3m;vol_ratio;ret_12m;amihud,0.679789,407
2023-02-01,mlp,2023-02-01,6,6,0.6,ret_1m;ret_3m;vol_ratio;ret_12m;amihud;vol_3m,0.682361,407
2023-02-01,mlp,2023-02-01,7,7,0.7,ret_1m;ret_3m;vol_ratio;ret_12m;amihud;vol_3m;ret_6m,0.75088,407
2023-02-01,mlp,2023-02-01,8,8,0.8,ret_1m;ret_3m;vol_ratio;ret_12m;amihud;vol_3m;ret_6m;ret_1w,0.737096,407
2023-02-01,mlp,2023-02-01,9,9,0.9,ret_1m;ret_3m;vol_ratio;ret_12m;amihud;vol_3m;ret_6m;ret_1w;vol_1m,0.729248,407
2023-02-01,mlp,2023-02-01,10,10,1.0,ret_1m;ret_3m;vol_ratio;ret_12m;amihud;vol_3m;ret_6m;ret_1w;vol_1m;log_mktcap,0.500333,407
2023-03-01,mlp,2023-03-01,0,0,0.0,,1.0,407
2023-03-01,mlp,2023-03-01,1,1,0.1,vol_ratio,0.881353,407
2023-03-01,mlp,2023-03-01,2,2,0.2,vol_ratio;ret_3m,0.784632,407
2023-03-01,mlp,2023-03-01,3,3,0.3,vol_ratio;ret_3m;amihud,0.737782,407
2023-03-01,mlp,2023-03-01,4,4,0.4,vol_ratio;ret_3m;amihud;ret_1m,0.69644,407
2023-03-01,mlp,2023-03-01,5,5,0.5,vol_ratio;ret_3m;amihud;ret_1m;ret_1w,0.688623,407
2023-03-01,mlp,2023-03-01,6,6,0.6,vol_ratio;ret_3m;amihud;ret_1m;ret_1w;ret_12m,0.625297,407
2023-03-01,mlp,2023-03-01,7,7,0.7,vol_ratio;ret_3m;amihud;ret_1m;ret_1w;ret_12m;ret_6m,0.565525,407
2023-03-01,mlp,2023-03-01,8,8,0.8,vol_ratio;ret_3m;amihud;ret_1m;ret_1w;ret_12m;ret_6m;log_mktcap,0.380587,407
2023-03-01,mlp,2023-03-01,9,9,0.9,vol_ratio;ret_3m;amihud;ret_1m;ret_1w;ret_12m;ret_6m;log_mktcap;vol_3m,0.551509,407
2023-03-01,mlp,2023-03-01,10,10,1.0,vol_ratio;ret_3m;amihud;ret_1m;ret_1w;ret_12m;ret_6m;log_mktcap;vol_3m;vol_1m,0.5,407
2023-04-03,mlp,2023-04-03,0,0,0.0,,1.0,407
2023-04-03,mlp,2023-04-03,1,1,0.1,ret_6m,0.914064,407
2023-04-03,mlp,2023-04-03,2,2,0.2,ret_6m;ret_3m,0.849115,407
2023-04-03,mlp,2023-04-03,3,3,0.3,ret_6m;ret_3m;amihud,0.807522,407
2023-04-03,mlp,2023-04-03,4,4,0.4,ret_6m;ret_3m;amihud;ret_1w,0.784618,407
2023-04-03,mlp,2023-04-03,5,5,0.5,ret_6m;ret_3m;amihud;ret_1w;vol_ratio,0.787591,407
2023-04-03,mlp,2023-04-03,6,6,0.6,ret_6m;ret_3m;amihud;ret_1w;vol_ratio;ret_1m,0.767575,407
2023-04-03,mlp,2023-04-03,7,7,0.7,ret_6m;ret_3m;amihud;ret_1w;vol_ratio;ret_1m;vol_3m,0.746825,407
2023-04-03,mlp,2023-04-03,8,8,0.8,ret_6m;ret_3m;amihud;ret_1w;vol_ratio;ret_1m;vol_3m;ret_12m,0.764362,407
2023-04-03,mlp,2023-04-03,9,9,0.9,ret_6m;ret_3m;amihud;ret_1w;vol_ratio;ret_1m;vol_3m;ret_12m;vol_1m,0.776872,407
2023-04-03,mlp,2023-04-03,10,10,1.0,ret_6m;ret_3m;amihud;ret_1w;vol_ratio;ret_1m;vol_3m;ret_12m;vol_1m;log_mktcap,0.500276,407
2023-05-01,mlp,2023-05-01,0,0,0.0,,1.0,407
2023-05-01,mlp,2023-05-01,1,1,0.1,ret_1m,0.907455,407
2023-05-01,mlp,2023-05-01,2,2,0.2,ret_1m;ret_3m,0.820265,407
2023-05-01,mlp,2023-05-01,3,3,0.3,ret_1m;ret_3m;ret_1w,0.768417,407
2023-05-01,mlp,2023-05-01,4,4,0.4,ret_1m;ret_3m;ret_1w;ret_6m,0.703014,407
2023-05-01,mlp,2023-05-01,5,5,0.5,ret_1m;ret_3m;ret_1w;ret_6m;ret_12m,0.659282,407
2023-05-01,mlp,2023-05-01,6,6,0.6,ret_1m;ret_3m;ret_1w;ret_6m;ret_12m;vol_ratio,0.612266,407
2023-05-01,mlp,2023-05-01,7,7,0.7,ret_1m;ret_3m;ret_1w;ret_6m;ret_12m;vol_ratio;amihud,0.616784,407
2023-05-01,mlp,2023-05-01,8,8,0.8,ret_1m;ret_3m;ret_1w;ret_6m;ret_12m;vol_ratio;amihud;vol_3m,0.732785,407
2023-05-01,mlp,2023-05-01,9,9,0.9,ret_1m;ret_3m;ret_1w;ret_6m;ret_12m;vol_ratio;amihud;vol_3m;log_mktcap,0.510682,407
2023-05-01,mlp,2023-05-01,10,10,1.0,ret_1m;ret_3m;ret_1w;ret_6m;ret_12m;vol_ratio;amihud;vol_3m;log_mktcap;vol_1m,0.497637,407
2023-06-01,mlp,2023-06-01,0,0,0.0,,1.0,407
2023-06-01,mlp,2023-06-01,1,1,0.1,ret_1m,0.910444,407
2023-06-01,mlp,2023-06-01,2,2,0.2,ret_1m;ret_12m,0.842594,407
2023-06-01,mlp,2023-06-01,3,3,0.3,ret_1m;ret_12m;ret_3m,0.800519,407
2023-06-01,mlp,2023-06-01,4,4,0.4,ret_1m;ret_12m;ret_3m;amihud,0.683411,407
2023-06-01,mlp,2023-06-01,5,5,0.5,ret_1m;ret_12m;ret_3m;amihud;ret_1w,0.683658,407
2023-06-01,mlp,2023-06-01,6,6,0.6,ret_1m;ret_12m;ret_3m;amihud;ret_1w;ret_6m,0.593,407
2023-06-01,mlp,2023-06-01,7,7,0.7,ret_1m;ret_12m;ret_3m;amihud;ret_1w;ret_6m;vol_1m,0.60473,407
2023-06-01,mlp,2023-06-01,8,8,0.8,ret_1m;ret_12m;ret_3m;amihud;ret_1w;ret_6m;vol_1m;vol_3m,0.638405,407
2023-06-01,mlp,2023-06-01,9,9,0.9,ret_1m;ret_12m;ret_3m;amihud;ret_1w;ret_6m;vol_1m;vol_3m;log_mktcap,0.550131,407
2023-06-01,mlp,2023-06-01,10,10,1.0,ret_1m;ret_12m;ret_3m;amihud;ret_1w;ret_6m;vol_1m;vol_3m;log_mktcap;vol_ratio,0.5,407
2023-07-03,mlp,2023-07-03,0,0,0.0,,1.0,407
2023-07-03,mlp,2023-07-03,1,1,0.1,vol_ratio,0.884889,407
2023-07-03,mlp,2023-07-03,2,2,0.2,vol_ratio;amihud,0.818449,407
2023-07-03,mlp,2023-07-03,3,3,0.3,vol_ratio;amihud;ret_1m,0.749958,407
2023-07-03,mlp,2023-07-03,4,4,0.4,vol_ratio;amihud;ret_1m;ret_3m,0.687905,407
2023-07-03,mlp,2023-07-03,5,5,0.5,vol_ratio;amihud;ret_1m;ret_3m;log_mktcap,0.630806,407
2023-07-03,mlp,2023-07-03,6,6,0.6,vol_ratio;amihud;ret_1m;ret_3m;log_mktcap;ret_1w,0.608877,407
2023-07-03,mlp,2023-07-03,7,7,0.7,vol_ratio;amihud;ret_1m;ret_3m;log_mktcap;ret_1w;ret_12m,0.580985,407
2023-07-03,mlp,2023-07-03,8,8,0.8,vol_ratio;amihud;ret_1m;ret_3m;log_mktcap;ret_1w;ret_12m;ret_6m,0.439432,407
2023-07-03,mlp,2023-07-03,9,9,0.9,vol_ratio;amihud;ret_1m;ret_3m;log_mktcap;ret_1w;ret_12m;ret_6m;vol_3m,0.503952,407
2023-07-03,mlp,2023-07-03,10,10,1.0,vol_ratio;amihud;ret_1m;ret_3m;log_mktcap;ret_1w;ret_12m;ret_6m;vol_3m;vol_1m,0.49597,407
2023-08-01,mlp,2023-08-01,0,0,0.0,,1.0,407
2023-08-01,mlp,2023-08-01,1,1,0.1,ret_12m,0.907455,407
2023-08-01,mlp,2023-08-01,2,2,0.2,ret_12m;ret_1w,0.82416,407
2023-08-01,mlp,2023-08-01,3,3,0.3,ret_12m;ret_1w;ret_3m,0.778132,407
2023-08-01,mlp,2023-08-01,4,4,0.4,ret_12m;ret_1w;ret_3m;vol_1m,0.756375,407
2023-08-01,mlp,2023-08-01,5,5,0.5,ret_12m;ret_1w;ret_3m;vol_1m;log_mktcap,0.672218,407
2023-08-01,mlp,2023-08-01,6,6,0.6,ret_12m;ret_1w;ret_3m;vol_1m;log_mktcap;vol_3m,0.636624,407
2023-08-01,mlp,2023-08-01,7,7,0.7,ret_12m;ret_1w;ret_3m;vol_1m;log_mktcap;vol_3m;ret_1m,0.557444,407
2023-08-01,mlp,2023-08-01,8,8,0.8,ret_12m;ret_1w;ret_3m;vol_1m;log_mktcap;vol_3m;ret_1m;vol_ratio,0.375878,407
2023-08-01,mlp,2023-08-01,9,9,0.9,ret_12m;ret_1w;ret_3m;vol_1m;log_mktcap;vol_3m;ret_1m;vol_ratio;amihud,0.459581,407
2023-08-01,mlp,2023-08-01,10,10,1.0,ret_12m;ret_1w;ret_3m;vol_1m;log_mktcap;vol_3m;ret_1m;vol_ratio;amihud;ret_6m,0.500606,407
2023-09-01,mlp,2023-09-01,0,0,0.0,,1.0,407
2023-09-01,mlp,2023-09-01,1,1,0.1,ret_12m,0.875386,407
2023-09-01,mlp,2023-09-01,2,2,0.2,ret_12m;ret_1w,0.80587,407
2023-09-01,mlp,2023-09-01,3,3,0.3,ret_12m;ret_1w;ret_3m,0.708178,407
2023-09-01,mlp,2023-09-01,4,4,0.4,ret_12m;ret_1w;ret_3m;ret_6m,0.672788,407
2023-09-01,mlp,2023-09-01,5,5,0.5,ret_12m;ret_1w;ret_3m;ret_6m;vol_1m,0.728414,407
2023-09-01,mlp,2023-09-01,6,6,0.6,ret_12m;ret_1w;ret_3m;ret_6m;vol_1m;log_mktcap,0.674301,407
2023-09-01,mlp,2023-09-01,7,7,0.7,ret_12m;ret_1w;ret_3m;ret_6m;vol_1m;log_mktcap;ret_1m,0.644143,407
2023-09-01,mlp,2023-09-01,8,8,0.8,ret_12m;ret_1w;ret_3m;ret_6m;vol_1m;log_mktcap;ret_1m;vol_ratio,0.578182,407
2023-09-01,mlp,2023-09-01,9,9,0.9,ret_12m;ret_1w;ret_3m;ret_6m;vol_1m;log_mktcap;ret_1m;vol_ratio;amihud,0.647336,407
2023-09-01,mlp,2023-09-01,10,10,1.0,ret_12m;ret_1w;ret_3m;ret_6m;vol_1m;log_mktcap;ret_1m;vol_ratio;amihud;vol_3m,0.5,407
2023-10-02,mlp,2023-10-02,0,0,0.0,,1.0,407
2023-10-02,mlp,2023-10-02,1,1,0.1,ret_3m,0.856059,407
2023-10-02,mlp,2023-10-02,2,2,0.2,ret_3m;ret_1m,0.771412,407
2023-10-02,mlp,2023-10-02,3,3,0.3,ret_3m;ret_1m;ret_6m,0.666765,407
2023-10-02,mlp,2023-10-02,4,4,0.4,ret_3m;ret_1m;ret_6m;log_mktcap,0.627904,407
2023-10-02,mlp,2023-10-02,5,5,0.5,ret_3m;ret_1m;ret_6m;log_mktcap;ret_1w,0.587155,407
2023-10-02,mlp,2023-10-02,6,6,0.6,ret_3m;ret_1m;ret_6m;log_mktcap;ret_1w;amihud,0.515959,407
2023-10-02,mlp,2023-10-02,7,7,0.7,ret_3m;ret_1m;ret_6m;log_mktcap;ret_1w;amihud;vol_3m,0.576238,407
2023-10-02,mlp,2023-10-02,8,8,0.8,ret_3m;ret_1m;ret_6m;log_mktcap;ret_1w;amihud;vol_3m;ret_12m,0.519623,407
2023-10-02,mlp,2023-10-02,9,9,0.9,ret_3m;ret_1m;ret_6m;log_mktcap;ret_1w;amihud;vol_3m;ret_12m;vol_1m,0.510804,407
2023-10-02,mlp,2023-10-02,10,10,1.0,ret_3m;ret_1m;ret_6m;log_mktcap;ret_1w;amihud;vol_3m;ret_12m;vol_1m;vol_ratio,0.5,407
2023-11-01,mlp,2023-11-01,0,0,0.0,,1.0,407
2023-11-01,mlp,2023-11-01,1,1,0.1,ret_1w,0.895894,407
2023-11-01,mlp,2023-11-01,2,2,0.2,ret_1w;vol_ratio,0.802915,407
2023-11-01,mlp,2023-11-01,3,3,0.3,ret_1w;vol_ratio;ret_12m,0.748142,407
2023-11-01,mlp,2023-11-01,4,4,0.4,ret_1w;vol_ratio;ret_12m;vol_3m,0.718893,407
2023-11-01,mlp,2023-11-01,5,5,0.5,ret_1w;vol_ratio;ret_12m;vol_3m;ret_6m,0.741716,407
2023-11-01,mlp,2023-11-01,6,6,0.6,ret_1w;vol_ratio;ret_12m;vol_3m;ret_6m;ret_1m,0.666473,407
2023-11-01,mlp,2023-11-01,7,7,0.7,ret_1w;vol_ratio;ret_12m;vol_3m;ret_6m;ret_1m;ret_3m,0.625558,407
2023-11-01,mlp,2023-11-01,8,8,0.8,ret_1w;vol_ratio;ret_12m;vol_3m;ret_6m;ret_1m;ret_3m;amihud,0.623433,407
2023-11-01,mlp,2023-11-01,9,9,0.9,ret_1w;vol_ratio;ret_12m;vol_3m;ret_6m;ret_1m;ret_3m;amihud;log_mktcap,0.521536,407
2023-11-01,mlp,2023-11-01,10,10,1.0,ret_1w;vol_ratio;ret_12m;vol_3m;ret_6m;ret_1m;ret_3m;amihud;log_mktcap;vol_1m,0.499539,407
2023-12-01,mlp,2023-12-01,0,0,0.0,,1.0,407
2023-12-01,mlp,2023-12-01,1,1,0.1,ret_12m,0.864101,407
2023-12-01,mlp,2023-12-01,2,2,0.2,ret_12m;log_mktcap,0.776017,407
2023-12-01,mlp,2023-12-01,3,3,0.3,ret_12m;log_mktcap;ret_1m,0.687576,407
2023-12-01,mlp,2023-12-01,4,4,0.4,ret_12m;log_mktcap;ret_1m;ret_3m,0.675479,407
2023-12-01,mlp,2023-12-01,5,5,0.5,ret_12m;log_mktcap;ret_1m;ret_3m;vol_3m,0.578356,407
2023-12-01,mlp,2023-12-01,6,6,0.6,ret_12m;log_mktcap;ret_1m;ret_3m;vol_3m;vol_1m,0.599011,407
2023-12-01,mlp,2023-12-01,7,7,0.7,ret_12m;log_mktcap;ret_1m;ret_3m;vol_3m;vol_1m;amihud,0.579101,407
2023-12-01,mlp,2023-12-01,8,8,0.8,ret_12m;log_mktcap;ret_1m;ret_3m;vol_3m;vol_1m;amihud;ret_1w,0.570259,407
2023-12-01,mlp,2023-12-01,9,9,0.9,ret_12m;log_mktcap;ret_1m;ret_3m;vol_3m;vol_1m;amihud;ret_1w;vol_ratio,0.391512,407
2023-12-01,mlp,2023-12-01,10,10,1.0,ret_12m;log_mktcap;ret_1m;ret_3m;vol_3m;vol_1m;amihud;ret_1w;vol_ratio;ret_6m,0.5,407
2024-01-01,mlp,2024-01-01,0,0,0.0,,1.0,407
2024-01-01,mlp,2024-01-01,1,1,0.1,ret_1m,0.894407,407
2024-01-01,mlp,2024-01-01,2,2,0.2,ret_1m;vol_ratio,0.81344,407
2024-01-01,mlp,2024-01-01,3,3,0.3,ret_1m;vol_ratio;ret_1w,0.749756,407
2024-01-01,mlp,2024-01-01,4,4,0.4,ret_1m;vol_ratio;ret_1w;amihud,0.739045,407
2024-01-01,mlp,2024-01-01,5,5,0.5,ret_1m;vol_ratio;ret_1w;amihud;ret_3m,0.736591,407
2024-01-01,mlp,2024-01-01,6,6,0.6,ret_1m;vol_ratio;ret_1w;amihud;ret_3m;vol_3m,0.714139,407
2024-01-01,mlp,2024-01-01,7,7,0.7,ret_1m;vol_ratio;ret_1w;amihud;ret_3m;vol_3m;ret_6m,0.718393,407
2024-01-01,mlp,2024-01-01,8,8,0.8,ret_1m;vol_ratio;ret_1w;amihud;ret_3m;vol_3m;ret_6m;ret_12m,0.682439,407
2024-01-01,mlp,2024-01-01,9,9,0.9,ret_1m;vol_ratio;ret_1w;amihud;ret_3m;vol_3m;ret_6m;ret_12m;vol_1m,0.689731,407
2024-01-01,mlp,2024-01-01,10,10,1.0,ret_1m;vol_ratio;ret_1w;amihud;ret_3m;vol_3m;ret_6m;ret_12m;vol_1m;log_mktcap,0.503134,407
2024-02-01,mlp,2024-02-01,0,0,0.0,,1.0,407
2024-02-01,mlp,2024-02-01,1,1,0.1,ret_6m,0.905557,407
2024-02-01,mlp,2024-02-01,2,2,0.2,ret_6m;amihud,0.818779,407
2024-02-01,mlp,2024-02-01,3,3,0.3,ret_6m;amihud;ret_1w,0.761122,407
2024-02-01,mlp,2024-02-01,4,4,0.4,ret_6m;amihud;ret_1w;vol_ratio,0.734318,407
2024-02-01,mlp,2024-02-01,5,5,0.5,ret_6m;amihud;ret_1w;vol_ratio;vol_3m,0.72063,407
2024-02-01,mlp,2024-02-01,6,6,0.6,ret_6m;amihud;ret_1w;vol_ratio;vol_3m;ret_12m,0.704353,407
2024-02-01,mlp,2024-02-01,7,7,0.7,ret_6m;amihud;ret_1w;vol_ratio;vol_3m;ret_12m;vol_1m,0.703809,407
2024-02-01,mlp,2024-02-01,8,8,0.8,ret_6m;amihud;ret_1w;vol_ratio;vol_3m;ret_12m;vol_1m;ret_1m,0.629495,407
2024-02-01,mlp,2024-02-01,9,9,0.9,ret_6m;amihud;ret_1w;vol_ratio;vol_3m;ret_12m;vol_1m;ret_1m;ret_3m,0.6345,407
2024-02-01,mlp,2024-02-01,10,10,1.0,ret_6m;amihud;ret_1w;vol_ratio;vol_3m;ret_12m;vol_1m;ret_1m;ret_3m;log_mktcap,0.502529,407
2024-03-01,mlp,2024-03-01,0,0,0.0,,1.0,407
2024-03-01,mlp,2024-03-01,1,1,0.1,ret_1m,0.899439,407
2024-03-01,mlp,2024-03-01,2,2,0.2,ret_1m;ret_12m,0.811623,407
2024-03-01,mlp,2024-03-01,3,3,0.3,ret_1m;ret_12m;vol_ratio,0.719536,407
2024-03-01,mlp,2024-03-01,4,4,0.4,ret_1m;ret_12m;vol_ratio;ret_6m,0.7571,407
2024-03-01,mlp,2024-03-01,5,5,0.5,ret_1m;ret_12m;vol_ratio;ret_6m;ret_3m,0.764189,407
2024-03-01,mlp,2024-03-01,6,6,0.6,ret_1m;ret_12m;vol_ratio;ret_6m;ret_3m;amihud,0.739459,407
2024-03-01,mlp,2024-03-01,7,7,0.7,ret_1m;ret_12m;vol_ratio;ret_6m;ret_3m;amihud;vol_1m,0.77506,407
2024-03-01,mlp,2024-03-01,8,8,0.8,ret_1m;ret_12m;vol_ratio;ret_6m;ret_3m;amihud;vol_1m;log_mktcap,0.638179,407
2024-03-01,mlp,2024-03-01,9,9,0.9,ret_1m;ret_12m;vol_ratio;ret_6m;ret_3m;amihud;vol_1m;log_mktcap;ret_1w,0.616796,407
2024-03-01,mlp,2024-03-01,10,10,1.0,ret_1m;ret_12m;vol_ratio;ret_6m;ret_3m;amihud;vol_1m;log_mktcap;ret_1w;vol_3m,0.5,407
2024-04-01,mlp,2024-04-01,0,0,0.0,,1.0,407
2024-04-01,mlp,2024-04-01,1,1,0.1,log_mktcap,0.910971,407
2024-04-01,mlp,2024-04-01,2,2,0.2,log_mktcap;vol_ratio,0.80227,407
2024-04-01,mlp,2024-04-01,3,3,0.3,log_mktcap;vol_ratio;ret_12m,0.748873,407
2024-04-01,mlp,2024-04-01,4,4,0.4,log_mktcap;vol_ratio;ret_12m;ret_1w,0.713096,407
2024-04-01,mlp,2024-04-01,5,5,0.5,log_mktcap;vol_ratio;ret_12m;ret_1w;ret_1m,0.658871,407
2024-04-01,mlp,2024-04-01,6,6,0.6,log_mktcap;vol_ratio;ret_12m;ret_1w;ret_1m;ret_3m,0.569257,407
2024-04-01,mlp,2024-04-01,7,7,0.7,log_mktcap;vol_ratio;ret_12m;ret_1w;ret_1m;ret_3m;vol_3m,0.495071,407
2024-04-01,mlp,2024-04-01,8,8,0.8,log_mktcap;vol_ratio;ret_12m;ret_1w;ret_1m;ret_3m;vol_3m;amihud,0.497048,407
2024-04-01,mlp,2024-04-01,9,9,0.9,log_mktcap;vol_ratio;ret_12m;ret_1w;ret_1m;ret_3m;vol_3m;amihud;ret_6m,0.496653,407
2024-04-01,mlp,2024-04-01,10,10,1.0,log_mktcap;vol_ratio;ret_12m;ret_1w;ret_1m;ret_3m;vol_3m;amihud;ret_6m;vol_1m,0.50047,407
2024-05-01,mlp,2024-05-01,0,0,0.0,,1.0,407
2024-05-01,mlp,2024-05-01,1,1,0.1,ret_3m,0.888528,407
2024-05-01,mlp,2024-05-01,2,2,0.2,ret_3m;log_mktcap,0.777339,407
2024-05-01,mlp,2024-05-01,3,3,0.3,ret_3m;log_mktcap;ret_12m,0.684024,407
2024-05-01,mlp,2024-05-01,4,4,0.4,ret_3m;log_mktcap;ret_12m;vol_ratio,0.615671,407
2024-05-01,mlp,2024-05-01,5,5,0.5,ret_3m;log_mktcap;ret_12m;vol_ratio;vol_3m,0.591896,407
2024-05-01,mlp,2024-05-01,6,6,0.6,ret_3m;log_mktcap;ret_12m;vol_ratio;vol_3m;ret_1m,0.576883,407
2024-05-01,mlp,2024-05-01,7,7,0.7,ret_3m;log_mktcap;ret_12m;vol_ratio;vol_3m;ret_1m;amihud,0.539367,407
2024-05-01,mlp,2024-05-01,8,8,0.8,ret_3m;log_mktcap;ret_12m;vol_ratio;vol_3m;ret_1m;amihud;ret_1w,0.566372,407
2024-05-01,mlp,2024-05-01,9,9,0.9,ret_3m;log_mktcap;ret_12m;vol_ratio;vol_3m;ret_1m;amihud;ret_1w;vol_1m,0.502615,407
2024-05-01,mlp,2024-05-01,10,10,1.0,ret_3m;log_mktcap;ret_12m;vol_ratio;vol_3m;ret_1m;amihud;ret_1w;vol_1m;ret_6m,0.5,407
2024-06-03,mlp,2024-06-03,0,0,0.0,,1.0,407
2024-06-03,mlp,2024-06-03,1,1,0.1,ret_6m,0.898303,407
2024-06-03,mlp,2024-06-03,2,2,0.2,ret_6m;amihud,0.819722,407
2024-06-03,mlp,2024-06-03,3,3,0.3,ret_6m;amihud;vol_ratio,0.774773,407
2024-06-03,mlp,2024-06-03,4,4,0.4,ret_6m;amihud;vol_ratio;ret_1m,0.715158,407
2024-06-03,mlp,2024-06-03,5,5,0.5,ret_6m;amihud;vol_ratio;ret_1m;ret_1w,0.660818,407
2024-06-03,mlp,2024-06-03,6,6,0.6,ret_6m;amihud;vol_ratio;ret_1m;ret_1w;ret_12m,0.684061,407
2024-06-03,mlp,2024-06-03,7,7,0.7,ret_6m;amihud;vol_ratio;ret_1m;ret_1w;ret_12m;ret_3m,0.679673,407
2024-06-03,mlp,2024-06-03,8,8,0.8,ret_6m;amihud;vol_ratio;ret_1m;ret_1w;ret_12m;ret_3m;vol_3m,0.677559,407
2024-06-03,mlp,2024-06-03,9,9,0.9,ret_6m;amihud;vol_ratio;ret_1m;ret_1w;ret_12m;ret_3m;vol_3m;vol_1m,0.697381,407
2024-06-03,mlp,2024-06-03,10,10,1.0,ret_6m;amihud;vol_ratio;ret_1m;ret_1w;ret_12m;ret_3m;vol_3m;vol_1m;log_mktcap,0.5,407
2024-07-01,mlp,2024-07-01,0,0,0.0,,1.0,407
2024-07-01,mlp,2024-07-01,1,1,0.1,ret_12m,0.883096,407
2024-07-01,mlp,2024-07-01,2,2,0.2,ret_12m;ret_1m,0.781342,407
2024-07-01,mlp,2024-07-01,3,3,0.3,ret_12m;ret_1m;vol_3m,0.731188,407
2024-07-01,mlp,2024-07-01,4,4,0.4,ret_12m;ret_1m;vol_3m;vol_ratio,0.685832,407
2024-07-01,mlp,2024-07-01,5,5,0.5,ret_12m;ret_1m;vol_3m;vol_ratio;ret_1w,0.641839,407
2024-07-01,mlp,2024-07-01,6,6,0.6,ret_12m;ret_1m;vol_3m;vol_ratio;ret_1w;ret_6m,0.630934,407
2024-07-01,mlp,2024-07-01,7,7,0.7,ret_12m;ret_1m;vol_3m;vol_ratio;ret_1w;ret_6m;amihud,0.659002,407
2024-07-01,mlp,2024-07-01,8,8,0.8,ret_12m;ret_1m;vol_3m;vol_ratio;ret_1w;ret_6m;amihud;log_mktcap,0.611065,407
2024-07-01,mlp,2024-07-01,9,9,0.9,ret_12m;ret_1m;vol_3m;vol_ratio;ret_1w;ret_6m;amihud;log_mktcap;ret_3m,0.54006,407
2024-07-01,mlp,2024-07-01,10,10,1.0,ret_12m;ret_1m;vol_3m;vol_ratio;ret_1w;ret_6m;amihud;log_mktcap;ret_3m;vol_1m,0.501661,407
2024-08-01,mlp,2024-08-01,0,0,0.0,,1.0,407
2024-08-01,mlp,2024-08-01,1,1,0.1,amihud,0.897123,407
2024-08-01,mlp,2024-08-01,2,2,0.2,amihud;ret_1m,0.800014,407
2024-08-01,mlp,2024-08-01,3,3,0.3,amihud;ret_1m;ret_12m,0.736557,407
2024-08-01,mlp,2024-08-01,4,4,0.4,amihud;ret_1m;ret_12m;vol_ratio,0.728393,407
2024-08-01,mlp,2024-08-01,5,5,0.5,amihud;ret_1m;ret_12m;vol_ratio;ret_6m,0.739103,407
2024-08-01,mlp,2024-08-01,6,6,0.6,amihud;ret_1m;ret_12m;vol_ratio;ret_6m;vol_3m,0.725078,407
2024-08-01,mlp,2024-08-01,7,7,0.7,amihud;ret_1m;ret_12m;vol_ratio;ret_6m;vol_3m;ret_1w,0.695634,407
2024-08-01,mlp,2024-08-01,8,8,0.8,amihud;ret_1m;ret_12m;vol_ratio;ret_6m;vol_3m;ret_1w;ret_3m,0.703341,407
2024-08-01,mlp,2024-08-01,9,9,0.9,amihud;ret_1m;ret_12m;vol_ratio;ret_6m;vol_3m;ret_1w;ret_3m;log_mktcap,0.495191,407
2024-08-01,mlp,2024-08-01,10,10,1.0,amihud;ret_1m;ret_12m;vol_ratio;ret_6m;vol_3m;ret_1w;ret_3m;log_mktcap;vol_1m,0.497931,407
2024-09-02,mlp,2024-09-02,0,0,0.0,,1.0,407
2024-09-02,mlp,2024-09-02,1,1,0.1,ret_12m,0.894874,407
2024-09-02,mlp,2024-09-02,2,2,0.2,ret_12m;ret_1w,0.78562,407
2024-09-02,mlp,2024-09-02,3,3,0.3,ret_12m;ret_1w;ret_1m,0.72148,407
2024-09-02,mlp,2024-09-02,4,4,0.4,ret_12m;ret_1w;ret_1m;amihud,0.667861,407
2024-09-02,mlp,2024-09-02,5,5,0.5,ret_12m;ret_1w;ret_1m;amihud;vol_ratio,0.601574,407
2024-09-02,mlp,2024-09-02,6,6,0.6,ret_12m;ret_1w;ret_1m;amihud;vol_ratio;ret_6m,0.596994,407
2024-09-02,mlp,2024-09-02,7,7,0.7,ret_12m;ret_1w;ret_1m;amihud;vol_ratio;ret_6m;ret_3m,0.617005,407
2024-09-02,mlp,2024-09-02,8,8,0.8,ret_12m;ret_1w;ret_1m;amihud;vol_ratio;ret_6m;ret_3m;log_mktcap,0.531421,407
2024-09-02,mlp,2024-09-02,9,9,0.9,ret_12m;ret_1w;ret_1m;amihud;vol_ratio;ret_6m;ret_3m;log_mktcap;vol_1m,0.511054,407
2024-09-02,mlp,2024-09-02,10,10,1.0,ret_12m;ret_1w;ret_1m;amihud;vol_ratio;ret_6m;ret_3m;log_mktcap;vol_1m;vol_3m,0.5,407
2024-10-01,mlp,2024-10-01,0,0,0.0,,1.0,407
2024-10-01,mlp,2024-10-01,1,1,0.1,ret_12m,0.896208,407
2024-10-01,mlp,2024-10-01,2,2,0.2,ret_12m;ret_1w,0.841653,407
2024-10-01,mlp,2024-10-01,3,3,0.3,ret_12m;ret_1w;ret_1m,0.775808,407
2024-10-01,mlp,2024-10-01,4,4,0.4,ret_12m;ret_1w;ret_1m;vol_ratio,0.728912,407
2024-10-01,mlp,2024-10-01,5,5,0.5,ret_12m;ret_1w;ret_1m;vol_ratio;amihud,0.662106,407
2024-10-01,mlp,2024-10-01,6,6,0.6,ret_12m;ret_1w;ret_1m;vol_ratio;amihud;vol_1m,0.747482,407
2024-10-01,mlp,2024-10-01,7,7,0.7,ret_12m;ret_1w;ret_1m;vol_ratio;amihud;vol_1m;ret_6m,0.687147,407
2024-10-01,mlp,2024-10-01,8,8,0.8,ret_12m;ret_1w;ret_1m;vol_ratio;amihud;vol_1m;ret_6m;ret_3m,0.715035,407
2024-10-01,mlp,2024-10-01,9,9,0.9,ret_12m;ret_1w;ret_1m;vol_ratio;amihud;vol_1m;ret_6m;ret_3m;log_mktcap,0.612171,407
2024-10-01,mlp,2024-10-01,10,10,1.0,ret_12m;ret_1w;ret_1m;vol_ratio;amihud;vol_1m;ret_6m;ret_3m;log_mktcap;vol_3m,0.5,407
2024-11-01,mlp,2024-11-01,0,0,0.0,,1.0,407
2024-11-01,mlp,2024-11-01,1,1,0.1,ret_1w,0.879619,407
2024-11-01,mlp,2024-11-01,2,2,0.2,ret_1w;ret_3m,0.809352,407
2024-11-01,mlp,2024-11-01,3,3,0.3,ret_1w;ret_3m;ret_12m,0.749297,407
2024-11-01,mlp,2024-11-01,4,4,0.4,ret_1w;ret_3m;ret_12m;ret_1m,0.72537,407
2024-11-01,mlp,2024-11-01,5,5,0.5,ret_1w;ret_3m;ret_12m;ret_1m;amihud,0.631088,407
2024-11-01,mlp,2024-11-01,6,6,0.6,ret_1w;ret_3m;ret_12m;ret_1m;amihud;ret_6m,0.590426,407
2024-11-01,mlp,2024-11-01,7,7,0.7,ret_1w;ret_3m;ret_12m;ret_1m;amihud;ret_6m;vol_3m,0.626426,407
2024-11-01,mlp,2024-11-01,8,8,0.8,ret_1w;ret_3m;ret_12m;ret_1m;amihud;ret_6m;vol_3m;vol_1m,0.588076,407
2024-11-01,mlp,2024-11-01,9,9,0.9,ret_1w;ret_3m;ret_12m;ret_1m;amihud;ret_6m;vol_3m;vol_1m;log_mktcap,0.644473,407
2024-11-01,mlp,2024-11-01,10,10,1.0,ret_1w;ret_3m;ret_12m;ret_1m;amihud;ret_6m;vol_3m;vol_1m;log_mktcap;vol_ratio,0.5,407
2024-12-02,mlp,2024-12-02,0,0,0.0,,1.0,407
2024-12-02,mlp,2024-12-02,1,1,0.1,ret_12m,0.922104,407
2024-12-02,mlp,2024-12-02,2,2,0.2,ret_12m;vol_ratio,0.850597,407
2024-12-02,mlp,2024-12-02,3,3,0.3,ret_12m;vol_ratio;ret_6m,0.832778,407
2024-12-02,mlp,2024-12-02,4,4,0.4,ret_12m;vol_ratio;ret_6m;ret_1m,0.775973,407
2024-12-02,mlp,2024-12-02,5,5,0.5,ret_12m;vol_ratio;ret_6m;ret_1m;amihud,0.73745,407
2024-12-02,mlp,2024-12-02,6,6,0.6,ret_12m;vol_ratio;ret_6m;ret_1m;amihud;ret_1w,0.695188,407
2024-12-02,mlp,2024-12-02,7,7,0.7,ret_12m;vol_ratio;ret_6m;ret_1m;amihud;ret_1w;ret_3m,0.708716,407
2024-12-02,mlp,2024-12-02,8,8,0.8,ret_12m;vol_ratio;ret_6m;ret_1m;amihud;ret_1w;ret_3m;vol_3m,0.75939,407
2024-12-02,mlp,2024-12-02,9,9,0.9,ret_12m;vol_ratio;ret_6m;ret_1m;amihud;ret_1w;ret_3m;vol_3m;vol_1m,0.755216,407
2024-12-02,mlp,2024-12-02,10,10,1.0,ret_12m;vol_ratio;ret_6m;ret_1m;amihud;ret_1w;ret_3m;vol_3m;vol_1m;log_mktcap,0.500332,407
2025-01-01,mlp,2025-01-01,0,0,0.0,,1.0,407
2025-01-01,mlp,2025-01-01,1,1,0.1,ret_1m,0.879088,407
2025-01-01,mlp,2025-01-01,2,2,0.2,ret_1m;ret_6m,0.767922,407
2025-01-01,mlp,2025-01-01,3,3,0.3,ret_1m;ret_6m;ret_12m,0.729989,407
2025-01-01,mlp,2025-01-01,4,4,0.4,ret_1m;ret_6m;ret_12m;amihud,0.698551,407
2025-01-01,mlp,2025-01-01,5,5,0.5,ret_1m;ret_6m;ret_12m;amihud;ret_1w,0.6302,407
2025-01-01,mlp,2025-01-01,6,6,0.6,ret_1m;ret_6m;ret_12m;amihud;ret_1w;ret_3m,0.626237,407
2025-01-01,mlp,2025-01-01,7,7,0.7,ret_1m;ret_6m;ret_12m;amihud;ret_1w;ret_3m;vol_ratio,0.652355,407
2025-01-01,mlp,2025-01-01,8,8,0.8,ret_1m;ret_6m;ret_12m;amihud;ret_1w;ret_3m;vol_ratio;log_mktcap,0.488283,407
2025-01-01,mlp,2025-01-01,9,9,0.9,ret_1m;ret_6m;ret_12m;amihud;ret_1w;ret_3m;vol_ratio;log_mktcap;vol_3m,0.382865,407
2025-01-01,mlp,2025-01-01,10,10,1.0,ret_1m;ret_6m;ret_12m;amihud;ret_1w;ret_3m;vol_ratio;log_mktcap;vol_3m;vol_1m,0.496971,407
2025-02-03,mlp,2025-02-03,0,0,0.0,,1.0,407
2025-02-03,mlp,2025-02-03,1,1,0.1,ret_1m,0.865582,407
2025-02-03,mlp,2025-02-03,2,2,0.2,ret_1m;ret_1w,0.757171,407
2025-02-03,mlp,2025-02-03,3,3,0.3,ret_1m;ret_1w;log_mktcap,0.717687,407
2025-02-03,mlp,2025-02-03,4,4,0.4,ret_1m;ret_1w;log_mktcap;ret_12m,0.698792,407
2025-02-03,mlp,2025-02-03,5,5,0.5,ret_1m;ret_1w;log_mktcap;ret_12m;amihud,0.577526,407
2025-02-03,mlp,2025-02-03,6,6,0.6,ret_1m;ret_1w;log_mktcap;ret_12m;amihud;vol_1m,0.56532,407
2025-02-03,mlp,2025-02-03,7,7,0.7,ret_1m;ret_1w;log_mktcap;ret_12m;amihud;vol_1m;ret_3m,0.621257,407
2025-02-03,mlp,2025-02-03,8,8,0.8,ret_1m;ret_1w;log_mktcap;ret_12m;amihud;vol_1m;ret_3m;vol_ratio,0.593492,407
2025-02-03,mlp,2025-02-03,9,9,0.9,ret_1m;ret_1w;log_mktcap;ret_12m;amihud;vol_1m;ret_3m;vol_ratio;ret_6m,0.530836,407
2025-02-03,mlp,2025-02-03,10,10,1.0,ret_1m;ret_1w;log_mktcap;ret_12m;amihud;vol_1m;ret_3m;vol_ratio;ret_6m;vol_3m,0.5,407
2025-03-03,mlp,2025-03-03,0,0,0.0,,1.0,407
2025-03-03,mlp,2025-03-03,1,1,0.1,ret_1m,0.863476,407
2025-03-03,mlp,2025-03-03,2,2,0.2,ret_1m;vol_ratio,0.771215,407
2025-03-03,mlp,2025-03-03,3,3,0.3,ret_1m;vol_ratio;ret_3m,0.72356,407
2025-03-03,mlp,2025-03-03,4,4,0.4,ret_1m;vol_ratio;ret_3m;ret_1w,0.627847,407
2025-03-03,mlp,2025-03-03,5,5,0.5,ret_1m;vol_ratio;ret_3m;ret_1w;ret_12m,0.589858,407
2025-03-03,mlp,2025-03-03,6,6,0.6,ret_1m;vol_ratio;ret_3m;ret_1w;ret_12m;log_mktcap,0.510036,407
2025-03-03,mlp,2025-03-03,7,7,0.7,ret_1m;vol_ratio;ret_3m;ret_1w;ret_12m;log_mktcap;vol_3m,0.461642,407
2025-03-03,mlp,2025-03-03,8,8,0.8,ret_1m;vol_ratio;ret_3m;ret_1w;ret_12m;log_mktcap;vol_3m;ret_6m,0.469412,407
2025-03-03,mlp,2025-03-03,9,9,0.9,ret_1m;vol_ratio;ret_3m;ret_1w;ret_12m;log_mktcap;vol_3m;ret_6m;vol_1m,0.490724,407
2025-03-03,mlp,2025-03-03,10,10,1.0,ret_1m;vol_ratio;ret_3m;ret_1w;ret_12m;log_mktcap;vol_3m;ret_6m;vol_1m;amihud,0.500672,407
2025-04-01,mlp,2025-04-01,0,0,0.0,,1.0,407
2025-04-01,mlp,2025-04-01,1,1,0.1,ret_1w,0.876476,407
2025-04-01,mlp,2025-04-01,2,2,0.2,ret_1w;vol_ratio,0.787539,407
2025-04-01,mlp,2025-04-01,3,3,0.3,ret_1w;vol_ratio;ret_3m,0.702639,407
2025-04-01,mlp,2025-04-01,4,4,0.4,ret_1w;vol_ratio;ret_3m;ret_6m,0.701524,407
2025-04-01,mlp,2025-04-01,5,5,0.5,ret_1w;vol_ratio;ret_3m;ret_6m;ret_12m,0.668418,407
2025-04-01,mlp,2025-04-01,6,6,0.6,ret_1w;vol_ratio;ret_3m;ret_6m;ret_12m;log_mktcap,0.546326,407
2025-04-01,mlp,2025-04-01,7,7,0.7,ret_1w;vol_ratio;ret_3m;ret_6m;ret_12m;log_mktcap;ret_1m,0.511491,407
2025-04-01,mlp,2025-04-01,8,8,0.8,ret_1w;vol_ratio;ret_3m;ret_6m;ret_12m;log_mktcap;ret_1m;amihud,0.529279,407
2025-04-01,mlp,2025-04-01,9,9,0.9,ret_1w;vol_ratio;ret_3m;ret_6m;ret_12m;log_mktcap;ret_1m;amihud;vol_1m,0.509413,407
2025-04-01,mlp,2025-04-01,10,10,1.0,ret_1w;vol_ratio;ret_3m;ret_6m;ret_12m;log_mktcap;ret_1m;amihud;vol_1m;vol_3m,0.5,407
2025-05-01,mlp,2025-05-01,0,0,0.0,,1.0,407
2025-05-01,mlp,2025-05-01,1,1,0.1,vol_ratio,0.886731,407
2025-05-01,mlp,2025-05-01,2,2,0.2,vol_ratio;ret_1m,0.80841,407
2025-05-01,mlp,2025-05-01,3,3,0.3,vol_ratio;ret_1m;ret_1w,0.761024,407
2025-05-01,mlp,2025-05-01,4,4,0.4,vol_ratio;ret_1m;ret_1w;amihud,0.696958,407
2025-05-01,mlp,2025-05-01,5,5,0.5,vol_ratio;ret_1m;ret_1w;amihud;vol_3m,0.673855,407
2025-05-01,mlp,2025-05-01,6,6,0.6,vol_ratio;ret_1m;ret_1w;amihud;vol_3m;ret_12m,0.566821,407
2025-05-01,mlp,2025-05-01,7,7,0.7,vol_ratio;ret_1m;ret_1w;amihud;vol_3m;ret_12m;log_mktcap,0.569724,407
2025-05-01,mlp,2025-05-01,8,8,0.8,vol_ratio;ret_1m;ret_1w;amihud;vol_3m;ret_12m;log_mktcap;ret_3m,0.544503,407
2025-05-01,mlp,2025-05-01,9,9,0.9,vol_ratio;ret_1m;ret_1w;amihud;vol_3m;ret_12m;log_mktcap;ret_3m;ret_6m,0.627857,407
2025-05-01,mlp,2025-05-01,10,10,1.0,vol_ratio;ret_1m;ret_1w;amihud;vol_3m;ret_12m;log_mktcap;ret_3m;ret_6m;vol_1m,0.5,407
2025-06-02,mlp,2025-06-02,0,0,0.0,,1.0,407
2025-06-02,mlp,2025-06-02,1,1,0.1,ret_1m,0.897559,407
2025-06-02,mlp,2025-06-02,2,2,0.2,ret_1m;vol_ratio,0.808229,407
2025-06-02,mlp,2025-06-02,3,3,0.3,ret_1m;vol_ratio;ret_12m,0.729896,407
2025-06-02,mlp,2025-06-02,4,4,0.4,ret_1m;vol_ratio;ret_12m;log_mktcap,0.657694,407
2025-06-02,mlp,2025-06-02,5,5,0.5,ret_1m;vol_ratio;ret_12m;log_mktcap;amihud,0.619917,407
2025-06-02,mlp,2025-06-02,6,6,0.6,ret_1m;vol_ratio;ret_12m;log_mktcap;amihud;ret_6m,0.584088,407
2025-06-02,mlp,2025-06-02,7,7,0.7,ret_1m;vol_ratio;ret_12m;log_mktcap;amihud;ret_6m;ret_3m,0.556593,407
2025-06-02,mlp,2025-06-02,8,8,0.8,ret_1m;vol_ratio;ret_12m;log_mktcap;amihud;ret_6m;ret_3m;ret_1w,0.560034,407
2025-06-02,mlp,2025-06-02,9,9,0.9,ret_1m;vol_ratio;ret_12m;log_mktcap;amihud;ret_6m;ret_3m;ret_1w;vol_3m,0.563812,407
2025-06-02,mlp,2025-06-02,10,10,1.0,ret_1m;vol_ratio;ret_12m;log_mktcap;amihud;ret_6m;ret_3m;ret_1w;vol_3m;vol_1m,0.498551,407
2025-07-01,mlp,2025-07-01,0,0,0.0,,1.0,407
2025-07-01,mlp,2025-07-01,1,1,0.1,ret_1w,0.879759,407
2025-07-01,mlp,2025-07-01,2,2,0.2,ret_1w;ret_12m,0.802273,407
2025-07-01,mlp,2025-07-01,3,3,0.3,ret_1w;ret_12m;ret_1m,0.724516,407
2025-07-01,mlp,2025-07-01,4,4,0.4,ret_1w;ret_12m;ret_1m;ret_6m,0.737619,407
2025-07-01,mlp,2025-07-01,5,5,0.5,ret_1w;ret_12m;ret_1m;ret_6m;amihud,0.692269,407
2025-07-01,mlp,2025-07-01,6,6,0.6,ret_1w;ret_12m;ret_1m;ret_6m;amihud;vol_ratio,0.69473,407
2025-07-01,mlp,2025-07-01,7,7,0.7,ret_1w;ret_12m;ret_1m;ret_6m;amihud;vol_ratio;ret_3m,0.704131,407
2025-07-01,mlp,2025-07-01,8,8,0.8,ret_1w;ret_12m;ret_1m;ret_6m;amihud;vol_ratio;ret_3m;log_mktcap,0.626824,407
2025-07-01,mlp,2025-07-01,9,9,0.9,ret_1w;ret_12m;ret_1m;ret_6m;amihud;vol_ratio;ret_3m;log_mktcap;vol_1m,0.645239,407
2025-07-01,mlp,2025-07-01,10,10,1.0,ret_1w;ret_12m;ret_1m;ret_6m;amihud;vol_ratio;ret_3m;log_mktcap;vol_1m;vol_3m,0.5,407
2025-08-01,mlp,2025-08-01,0,0,0.0,,1.0,407
2025-08-01,mlp,2025-08-01,1,1,0.1,ret_1m,0.870685,407
2025-08-01,mlp,2025-08-01,2,2,0.2,ret_1m;vol_ratio,0.754454,407
2025-08-01,mlp,2025-08-01,3,3,0.3,ret_1m;vol_ratio;amihud,0.676708,407
2025-08-01,mlp,2025-08-01,4,4,0.4,ret_1m;vol_ratio;amihud;ret_3m,0.655904,407
2025-08-01,mlp,2025-08-01,5,5,0.5,ret_1m;vol_ratio;amihud;ret_3m;ret_1w,0.651489,407
2025-08-01,mlp,2025-08-01,6,6,0.6,ret_1m;vol_ratio;amihud;ret_3m;ret_1w;ret_12m,0.583953,407
2025-08-01,mlp,2025-08-01,7,7,0.7,ret_1m;vol_ratio;amihud;ret_3m;ret_1w;ret_12m;log_mktcap,0.504263,407
2025-08-01,mlp,2025-08-01,8,8,0.8,ret_1m;vol_ratio;amihud;ret_3m;ret_1w;ret_12m;log_mktcap;vol_3m,0.432059,407
2025-08-01,mlp,2025-08-01,9,9,0.9,ret_1m;vol_ratio;amihud;ret_3m;ret_1w;ret_12m;log_mktcap;vol_3m;ret_6m,0.487348,407
2025-08-01,mlp,2025-08-01,10,10,1.0,ret_1m;vol_ratio;amihud;ret_3m;ret_1w;ret_12m;log_mktcap;vol_3m;ret_6m;vol_1m,0.5,407
2025-09-01,mlp,2025-09-01,0,0,0.0,,1.0,407
2025-09-01,mlp,2025-09-01,1,1,0.1,ret_12m,0.870046,407
2025-09-01,mlp,2025-09-01,2,2,0.2,ret_12m;ret_3m,0.803085,407
2025-09-01,mlp,2025-09-01,3,3,0.3,ret_12m;ret_3m;vol_3m,0.715901,407
2025-09-01,mlp,2025-09-01,4,4,0.4,ret_12m;ret_3m;vol_3m;ret_1m,0.651625,407
2025-09-01,mlp,2025-09-01,5,5,0.5,ret_12m;ret_3m;vol_3m;ret_1m;vol_ratio,0.616843,407
2025-09-01,mlp,2025-09-01,6,6,0.6,ret_12m;ret_3m;vol_3m;ret_1m;vol_ratio;log_mktcap,0.472301,407
2025-09-01,mlp,2025-09-01,7,7,0.7,ret_12m;ret_3m;vol_3m;ret_1m;vol_ratio;log_mktcap;ret_1w,0.494815,407
2025-09-01,mlp,2025-09-01,8,8,0.8,ret_12m;ret_3m;vol_3m;ret_1m;vol_ratio;log_mktcap;ret_1w;ret_6m,0.500504,407
2025-09-01,mlp,2025-09-01,9,9,0.9,ret_12m;ret_3m;vol_3m;ret_1m;vol_ratio;log_mktcap;ret_1w;ret_6m;amihud,0.479861,407
2025-09-01,mlp,2025-09-01,10,10,1.0,ret_12m;ret_3m;vol_3m;ret_1m;vol_ratio;log_mktcap;ret_1w;ret_6m;amihud;vol_1m,0.5,407
2025-10-01,mlp,2025-10-01,0,0,0.0,,1.0,407
2025-10-01,mlp,2025-10-01,1,1,0.1,ret_12m,0.87257,407
2025-10-01,mlp,2025-10-01,2,2,0.2,ret_12m;ret_1m,0.78737,407
2025-10-01,mlp,2025-10-01,3,3,0.3,ret_12m;ret_1m;ret_3m,0.714906,407
2025-10-01,mlp,2025-10-01,4,4,0.4,ret_12m;ret_1m;ret_3m;amihud,0.694247,407
2025-10-01,mlp,2025-10-01,5,5,0.5,ret_12m;ret_1m;ret_3m;amihud;ret_6m,0.608291,407
2025-10-01,mlp,2025-10-01,6,6,0.6,ret_12m;ret_1m;ret_3m;amihud;ret_6m;log_mktcap,0.545809,407
2025-10-01,mlp,2025-10-01,7,7,0.7,ret_12m;ret_1m;ret_3m;amihud;ret_6m;log_mktcap;ret_1w,0.501878,407
2025-10-01,mlp,2025-10-01,8,8,0.8,ret_12m;ret_1m;ret_3m;amihud;ret_6m;log_mktcap;ret_1w;vol_1m,0.536046,407
2025-10-01,mlp,2025-10-01,9,9,0.9,ret_12m;ret_1m;ret_3m;amihud;ret_6m;log_mktcap;ret_1w;vol_1m;vol_3m,0.492862,407
2025-10-01,mlp,2025-10-01,10,10,1.0,ret_12m;ret_1m;ret_3m;amihud;ret_6m;log_mktcap;ret_1w;vol_1m;vol_3m;vol_ratio,0.505449,407
2025-11-03,mlp,2025-11-03,0,0,0.0,,1.0,407
2025-11-03,mlp,2025-11-03,1,1,0.1,ret_1m,0.889349,407
2025-11-03,mlp,2025-11-03,2,2,0.2,ret_1m;amihud,0.795627,407
2025-11-03,mlp,2025-11-03,3,3,0.3,ret_1m;amihud;ret_1w,0.685068,407
2025-11-03,mlp,2025-11-03,4,4,0.4,ret_1m;amihud;ret_1w;vol_ratio,0.62297,407
2025-11-03,mlp,2025-11-03,5,5,0.5,ret_1m;amihud;ret_1w;vol_ratio;vol_3m,0.667941,407
2025-11-03,mlp,2025-11-03,6,6,0.6,ret_1m;amihud;ret_1w;vol_ratio;vol_3m;ret_12m,0.601852,407
2025-11-03,mlp,2025-11-03,7,7,0.7,ret_1m;amihud;ret_1w;vol_ratio;vol_3m;ret_12m;ret_6m,0.677229,407
2025-11-03,mlp,2025-11-03,8,8,0.8,ret_1m;amihud;ret_1w;vol_ratio;vol_3m;ret_12m;ret_6m;ret_3m,0.684595,407
2025-11-03,mlp,2025-11-03,9,9,0.9,ret_1m;amihud;ret_1w;vol_ratio;vol_3m;ret_12m;ret_6m;ret_3m;log_mktcap,0.527929,407
2025-11-03,mlp,2025-11-03,10,10,1.0,ret_1m;amihud;ret_1w;vol_ratio;vol_3m;ret_12m;ret_6m;ret_3m;log_mktcap;vol_1m,0.497388,407
2025-12-01,mlp,2025-12-01,0,0,0.0,,1.0,407
2025-12-01,mlp,2025-12-01,1,1,0.1,ret_1m,0.901275,407
2025-12-01,mlp,2025-12-01,2,2,0.2,ret_1m;ret_12m,0.793225,407
2025-12-01,mlp,2025-12-01,3,3,0.3,ret_1m;ret_12m;ret_6m,0.739103,407
2025-12-01,mlp,2025-12-01,4,4,0.4,ret_1m;ret_12m;ret_6m;log_mktcap,0.631772,407
2025-12-01,mlp,2025-12-01,5,5,0.5,ret_1m;ret_12m;ret_6m;log_mktcap;ret_1w,0.558403,407
2025-12-01,mlp,2025-12-01,6,6,0.6,ret_1m;ret_12m;ret_6m;log_mktcap;ret_1w;vol_ratio,0.563691,407
2025-12-01,mlp,2025-12-01,7,7,0.7,ret_1m;ret_12m;ret_6m;log_mktcap;ret_1w;vol_ratio;amihud,0.610043,407
2025-12-01,mlp,2025-12-01,8,8,0.8,ret_1m;ret_12m;ret_6m;log_mktcap;ret_1w;vol_ratio;amihud;vol_3m,0.520062,407
2025-12-01,mlp,2025-12-01,9,9,0.9,ret_1m;ret_12m;ret_6m;log_mktcap;ret_1w;vol_ratio;amihud;vol_3m;vol_1m,0.552547,407
2025-12-01,mlp,2025-12-01,10,10,1.0,ret_1m;ret_12m;ret_6m;log_mktcap;ret_1w;vol_ratio;amihud;vol_3m;vol_1m;ret_3m,0.501304,407
