date,model,k,fraction_sector_gap_path,RGF_star,sector_gap,best_sector,comparison_sector,best_sector_RGA,comparison_sector_RGA,n_valid_sectors,n_assets,n_assets_best_sector,n_assets_comparison_sector
2023-01-02,ridge,0,0.0,1.0,0.0,Consumer Discretionary,Consumer Discretionary,0.739814,0.739814,11,407,41,41
2023-01-02,ridge,1,0.1,0.996349,0.003651,Consumer Discretionary,Industrials,0.739814,0.736163,11,407,41,65
2023-01-02,ridge,2,0.2,0.980786,0.019214,Consumer Discretionary,Health Care,0.739814,0.720599,11,407,41,54
2023-01-02,ridge,3,0.3,0.975612,0.024388,Consumer Discretionary,Utilities,0.739814,0.715426,11,407,41,20
2023-01-02,ridge,4,0.4,0.936766,0.063234,Consumer Discretionary,Information Technology,0.739814,0.67658,11,407,41,56
2023-01-02,ridge,5,0.5,0.919644,0.080356,Consumer Discretionary,Consumer Staples,0.739814,0.659458,11,407,41,28
2023-01-02,ridge,6,0.6,0.835725,0.164275,Consumer Discretionary,Financials,0.739814,0.575539,11,407,41,65
2023-01-02,ridge,7,0.7,0.773223,0.226777,Consumer Discretionary,Communication Services,0.739814,0.513037,11,407,41,13
2023-01-02,ridge,8,0.8,0.769487,0.230513,Consumer Discretionary,Materials,0.739814,0.509301,11,407,41,21
2023-01-02,ridge,9,0.9,0.701465,0.298535,Consumer Discretionary,Real Estate,0.739814,0.441279,11,407,41,26
2023-01-02,ridge,10,1.0,0.685639,0.314361,Consumer Discretionary,Energy,0.739814,0.425453,11,407,41,18
2023-02-01,ridge,0,0.0,1.0,0.0,Consumer Staples,Consumer Staples,0.695733,0.695733,11,407,28,28
2023-02-01,ridge,1,0.1,0.956519,0.043481,Consumer Staples,Utilities,0.695733,0.652252,11,407,28,20
2023-02-01,ridge,2,0.2,0.950525,0.049475,Consumer Staples,Communication Services,0.695733,0.646258,11,407,28,13
2023-02-01,ridge,3,0.3,0.935747,0.064253,Consumer Staples,Financials,0.695733,0.63148,11,407,28,65
2023-02-01,ridge,4,0.4,0.934218,0.065782,Consumer Staples,Real Estate,0.695733,0.629951,11,407,28,26
2023-02-01,ridge,5,0.5,0.895809,0.104191,Consumer Staples,Materials,0.695733,0.591542,11,407,28,21
2023-02-01,ridge,6,0.6,0.84228,0.15772,Consumer Staples,Energy,0.695733,0.538013,11,407,28,18
2023-02-01,ridge,7,0.7,0.796272,0.203728,Consumer Staples,Consumer Discretionary,0.695733,0.492005,11,407,28,41
2023-02-01,ridge,8,0.8,0.782487,0.217513,Consumer Staples,Health Care,0.695733,0.47822,11,407,28,54
2023-02-01,ridge,9,0.9,0.674072,0.325928,Consumer Staples,Information Technology,0.695733,0.369805,11,407,28,56
2023-02-01,ridge,10,1.0,0.658712,0.341288,Consumer Staples,Industrials,0.695733,0.354445,11,407,28,65
2023-03-01,ridge,0,0.0,1.0,0.0,Communication Services,Communication Services,0.513748,0.513748,11,407,13,13
2023-03-01,ridge,1,0.1,0.961033,0.038967,Communication Services,Materials,0.513748,0.474782,11,407,13,21
2023-03-01,ridge,2,0.2,0.961029,0.038971,Communication Services,Health Care,0.513748,0.474778,11,407,13,54
2023-03-01,ridge,3,0.3,0.917925,0.082075,Communication Services,Consumer Staples,0.513748,0.431673,11,407,13,28
2023-03-01,ridge,4,0.4,0.888615,0.111385,Communication Services,Energy,0.513748,0.402363,11,407,13,18
2023-03-01,ridge,5,0.5,0.864318,0.135682,Communication Services,Consumer Discretionary,0.513748,0.378066,11,407,13,41
2023-03-01,ridge,6,0.6,0.847258,0.152742,Communication Services,Industrials,0.513748,0.361007,11,407,13,65
2023-03-01,ridge,7,0.7,0.827803,0.172197,Communication Services,Financials,0.513748,0.341551,11,407,13,65
2023-03-01,ridge,8,0.8,0.781419,0.218581,Communication Services,Information Technology,0.513748,0.295167,11,407,13,56
2023-03-01,ridge,9,0.9,0.728536,0.271464,Communication Services,Utilities,0.513748,0.242285,11,407,13,20
2023-03-01,ridge,10,1.0,0.69099,0.30901,Communication Services,Real Estate,0.513748,0.204739,11,407,13,26
2023-04-03,ridge,0,0.0,1.0,0.0,Energy,Energy,0.727422,0.727422,11,407,18,18
2023-04-03,ridge,1,0.1,0.913547,0.086453,Energy,Real Estate,0.727422,0.640969,11,407,18,26
2023-04-03,ridge,2,0.2,0.823784,0.176216,Energy,Industrials,0.727422,0.551206,11,407,18,65
2023-04-03,ridge,3,0.3,0.799432,0.200568,Energy,Health Care,0.727422,0.526854,11,407,18,54
2023-04-03,ridge,4,0.4,0.770692,0.229308,Energy,Consumer Staples,0.727422,0.498114,11,407,18,28
2023-04-03,ridge,5,0.5,0.73662,0.26338,Energy,Communication Services,0.727422,0.464043,11,407,18,13
2023-04-03,ridge,6,0.6,0.705119,0.294881,Energy,Information Technology,0.727422,0.432542,11,407,18,56
2023-04-03,ridge,7,0.7,0.687678,0.312322,Energy,Financials,0.727422,0.4151,11,407,18,65
2023-04-03,ridge,8,0.8,0.642012,0.357988,Energy,Utilities,0.727422,0.369434,11,407,18,20
2023-04-03,ridge,9,0.9,0.620474,0.379526,Energy,Consumer Discretionary,0.727422,0.347896,11,407,18,41
2023-04-03,ridge,10,1.0,0.574479,0.425521,Energy,Materials,0.727422,0.301901,11,407,18,21
2023-05-01,ridge,0,0.0,1.0,0.0,Utilities,Utilities,0.658966,0.658966,11,407,20,20
2023-05-01,ridge,1,0.1,0.952527,0.047473,Utilities,Communication Services,0.658966,0.611493,11,407,20,13
2023-05-01,ridge,2,0.2,0.944661,0.055339,Utilities,Energy,0.658966,0.603626,11,407,20,18
2023-05-01,ridge,3,0.3,0.927357,0.072643,Utilities,Consumer Discretionary,0.658966,0.586323,11,407,20,41
2023-05-01,ridge,4,0.4,0.851671,0.148329,Utilities,Consumer Staples,0.658966,0.510636,11,407,20,28
2023-05-01,ridge,5,0.5,0.832278,0.167722,Utilities,Industrials,0.658966,0.491243,11,407,20,65
2023-05-01,ridge,6,0.6,0.768729,0.231271,Utilities,Health Care,0.658966,0.427695,11,407,20,54
2023-05-01,ridge,7,0.7,0.755137,0.244863,Utilities,Financials,0.658966,0.414103,11,407,20,65
2023-05-01,ridge,8,0.8,0.721259,0.278741,Utilities,Information Technology,0.658966,0.380225,11,407,20,56
2023-05-01,ridge,9,0.9,0.618663,0.381337,Utilities,Materials,0.658966,0.277629,11,407,20,21
2023-05-01,ridge,10,1.0,0.585203,0.414797,Utilities,Real Estate,0.658966,0.244169,11,407,20,26
2023-06-01,ridge,0,0.0,1.0,0.0,Utilities,Utilities,0.738293,0.738293,11,407,20,20
2023-06-01,ridge,1,0.1,0.927046,0.072954,Utilities,Communication Services,0.738293,0.665339,11,407,20,13
2023-06-01,ridge,2,0.2,0.893013,0.106987,Utilities,Health Care,0.738293,0.631306,11,407,20,54
2023-06-01,ridge,3,0.3,0.892842,0.107158,Utilities,Industrials,0.738293,0.631135,11,407,20,65
2023-06-01,ridge,4,0.4,0.885301,0.114699,Utilities,Consumer Discretionary,0.738293,0.623594,11,407,20,41
2023-06-01,ridge,5,0.5,0.885073,0.114927,Utilities,Real Estate,0.738293,0.623367,11,407,20,26
2023-06-01,ridge,6,0.6,0.831398,0.168602,Utilities,Consumer Staples,0.738293,0.569691,11,407,20,28
2023-06-01,ridge,7,0.7,0.804649,0.195351,Utilities,Energy,0.738293,0.542943,11,407,20,18
2023-06-01,ridge,8,0.8,0.737882,0.262118,Utilities,Information Technology,0.738293,0.476175,11,407,20,56
2023-06-01,ridge,9,0.9,0.679159,0.320841,Utilities,Financials,0.738293,0.417452,11,407,20,65
2023-06-01,ridge,10,1.0,0.536502,0.463498,Utilities,Materials,0.738293,0.274795,11,407,20,21
2023-07-03,ridge,0,0.0,1.0,0.0,Utilities,Utilities,0.683959,0.683959,11,407,20,20
2023-07-03,ridge,1,0.1,0.953284,0.046716,Utilities,Materials,0.683959,0.637243,11,407,20,21
2023-07-03,ridge,2,0.2,0.905247,0.094753,Utilities,Health Care,0.683959,0.589206,11,407,20,54
2023-07-03,ridge,3,0.3,0.873046,0.126954,Utilities,Financials,0.683959,0.557005,11,407,20,65
2023-07-03,ridge,4,0.4,0.871957,0.128043,Utilities,Consumer Staples,0.683959,0.555916,11,407,20,28
2023-07-03,ridge,5,0.5,0.837342,0.162658,Utilities,Consumer Discretionary,0.683959,0.521301,11,407,20,41
2023-07-03,ridge,6,0.6,0.834156,0.165844,Utilities,Information Technology,0.683959,0.518115,11,407,20,56
2023-07-03,ridge,7,0.7,0.826405,0.173595,Utilities,Industrials,0.683959,0.510364,11,407,20,65
2023-07-03,ridge,8,0.8,0.808661,0.191339,Utilities,Communication Services,0.683959,0.49262,11,407,20,13
2023-07-03,ridge,9,0.9,0.798449,0.201551,Utilities,Real Estate,0.683959,0.482408,11,407,20,26
2023-07-03,ridge,10,1.0,0.765713,0.234287,Utilities,Energy,0.683959,0.449672,11,407,20,18
2023-08-01,ridge,0,0.0,1.0,0.0,Financials,Financials,0.674688,0.674688,11,407,65,65
2023-08-01,ridge,1,0.1,0.987924,0.012076,Financials,Energy,0.674688,0.662612,11,407,65,18
2023-08-01,ridge,2,0.2,0.915128,0.084872,Financials,Information Technology,0.674688,0.589817,11,407,65,56
2023-08-01,ridge,3,0.3,0.854878,0.145122,Financials,Real Estate,0.674688,0.529566,11,407,65,26
2023-08-01,ridge,4,0.4,0.843118,0.156882,Financials,Industrials,0.674688,0.517807,11,407,65,65
2023-08-01,ridge,5,0.5,0.833195,0.166805,Financials,Consumer Discretionary,0.674688,0.507883,11,407,65,41
2023-08-01,ridge,6,0.6,0.827975,0.172025,Financials,Utilities,0.674688,0.502664,11,407,65,20
2023-08-01,ridge,7,0.7,0.77168,0.22832,Financials,Materials,0.674688,0.446368,11,407,65,21
2023-08-01,ridge,8,0.8,0.750651,0.249349,Financials,Consumer Staples,0.674688,0.42534,11,407,65,28
2023-08-01,ridge,9,0.9,0.701742,0.298258,Financials,Health Care,0.674688,0.37643,11,407,65,54
2023-08-01,ridge,10,1.0,0.583595,0.416405,Financials,Communication Services,0.674688,0.258283,11,407,65,13
2023-09-01,ridge,0,0.0,1.0,0.0,Information Technology,Information Technology,0.619134,0.619134,11,407,56,56
2023-09-01,ridge,1,0.1,0.973606,0.026394,Information Technology,Utilities,0.619134,0.59274,11,407,56,20
2023-09-01,ridge,2,0.2,0.920137,0.079863,Information Technology,Materials,0.619134,0.53927,11,407,56,21
2023-09-01,ridge,3,0.3,0.897182,0.102818,Information Technology,Communication Services,0.619134,0.516315,11,407,56,13
2023-09-01,ridge,4,0.4,0.893425,0.106575,Information Technology,Consumer Discretionary,0.619134,0.512559,11,407,56,41
2023-09-01,ridge,5,0.5,0.891074,0.108926,Information Technology,Industrials,0.619134,0.510207,11,407,56,65
2023-09-01,ridge,6,0.6,0.853914,0.146086,Information Technology,Health Care,0.619134,0.473048,11,407,56,54
2023-09-01,ridge,7,0.7,0.791742,0.208258,Information Technology,Consumer Staples,0.619134,0.410876,11,407,56,28
2023-09-01,ridge,8,0.8,0.785711,0.214289,Information Technology,Financials,0.619134,0.404845,11,407,56,65
2023-09-01,ridge,9,0.9,0.705188,0.294812,Information Technology,Real Estate,0.619134,0.324322,11,407,56,26
2023-09-01,ridge,10,1.0,0.524055,0.475945,Information Technology,Energy,0.619134,0.143189,11,407,56,18
2023-10-02,ridge,0,0.0,1.0,0.0,Energy,Energy,0.892743,0.892743,11,407,18,18
2023-10-02,ridge,1,0.1,0.632039,0.367961,Energy,Communication Services,0.892743,0.524781,11,407,18,13
2023-10-02,ridge,2,0.2,0.5817,0.4183,Energy,Consumer Staples,0.892743,0.474442,11,407,18,28
2023-10-02,ridge,3,0.3,0.557333,0.442667,Energy,Financials,0.892743,0.450076,11,407,18,65
2023-10-02,ridge,4,0.4,0.556275,0.443725,Energy,Industrials,0.892743,0.449017,11,407,18,65
2023-10-02,ridge,5,0.5,0.481683,0.518317,Energy,Materials,0.892743,0.374426,11,407,18,21
2023-10-02,ridge,6,0.6,0.474219,0.525781,Energy,Utilities,0.892743,0.366962,11,407,18,20
2023-10-02,ridge,7,0.7,0.455185,0.544815,Energy,Consumer Discretionary,0.892743,0.347928,11,407,18,41
2023-10-02,ridge,8,0.8,0.428992,0.571008,Energy,Real Estate,0.892743,0.321734,11,407,18,26
2023-10-02,ridge,9,0.9,0.398567,0.601433,Energy,Information Technology,0.892743,0.29131,11,407,18,56
2023-10-02,ridge,10,1.0,0.389878,0.610122,Energy,Health Care,0.892743,0.282621,11,407,18,54
2023-11-01,ridge,0,0.0,1.0,0.0,Utilities,Utilities,0.829159,0.829159,11,407,20,20
2023-11-01,ridge,1,0.1,0.901952,0.098048,Utilities,Financials,0.829159,0.731111,11,407,20,65
2023-11-01,ridge,2,0.2,0.882122,0.117878,Utilities,Health Care,0.829159,0.71128,11,407,20,54
2023-11-01,ridge,3,0.3,0.810124,0.189876,Utilities,Consumer Discretionary,0.829159,0.639283,11,407,20,41
2023-11-01,ridge,4,0.4,0.761124,0.238876,Utilities,Information Technology,0.829159,0.590283,11,407,20,56
2023-11-01,ridge,5,0.5,0.70495,0.29505,Utilities,Consumer Staples,0.829159,0.534109,11,407,20,28
2023-11-01,ridge,6,0.6,0.703417,0.296583,Utilities,Industrials,0.829159,0.532576,11,407,20,65
2023-11-01,ridge,7,0.7,0.630603,0.369397,Utilities,Materials,0.829159,0.459761,11,407,20,21
2023-11-01,ridge,8,0.8,0.615265,0.384735,Utilities,Communication Services,0.829159,0.444424,11,407,20,13
2023-11-01,ridge,9,0.9,0.611326,0.388674,Utilities,Real Estate,0.829159,0.440485,11,407,20,26
2023-11-01,ridge,10,1.0,0.515842,0.484158,Utilities,Energy,0.829159,0.345,11,407,20,18
2023-12-01,ridge,0,0.0,1.0,0.0,Health Care,Health Care,0.669824,0.669824,11,407,54,54
2023-12-01,ridge,1,0.1,0.973487,0.026513,Health Care,Information Technology,0.669824,0.643311,11,407,54,56
2023-12-01,ridge,2,0.2,0.916331,0.083669,Health Care,Real Estate,0.669824,0.586155,11,407,54,26
2023-12-01,ridge,3,0.3,0.798557,0.201443,Health Care,Communication Services,0.669824,0.468381,11,407,54,13
2023-12-01,ridge,4,0.4,0.788679,0.211321,Health Care,Industrials,0.669824,0.458503,11,407,54,65
2023-12-01,ridge,5,0.5,0.771288,0.228712,Health Care,Consumer Staples,0.669824,0.441113,11,407,54,28
2023-12-01,ridge,6,0.6,0.765845,0.234155,Health Care,Utilities,0.669824,0.43567,11,407,54,20
2023-12-01,ridge,7,0.7,0.736755,0.263245,Health Care,Consumer Discretionary,0.669824,0.40658,11,407,54,41
2023-12-01,ridge,8,0.8,0.727751,0.272249,Health Care,Energy,0.669824,0.397575,11,407,54,18
2023-12-01,ridge,9,0.9,0.697244,0.302756,Health Care,Materials,0.669824,0.367068,11,407,54,21
2023-12-01,ridge,10,1.0,0.695828,0.304172,Health Care,Financials,0.669824,0.365652,11,407,54,65
2024-01-01,ridge,0,0.0,1.0,0.0,Utilities,Utilities,0.607405,0.607405,11,407,20,20
2024-01-01,ridge,1,0.1,0.951878,0.048122,Utilities,Real Estate,0.607405,0.559283,11,407,20,26
2024-01-01,ridge,2,0.2,0.948154,0.051846,Utilities,Financials,0.607405,0.555559,11,407,20,65
2024-01-01,ridge,3,0.3,0.933541,0.066459,Utilities,Consumer Discretionary,0.607405,0.540946,11,407,20,41
2024-01-01,ridge,4,0.4,0.893397,0.106603,Utilities,Industrials,0.607405,0.500803,11,407,20,65
2024-01-01,ridge,5,0.5,0.85775,0.14225,Utilities,Consumer Staples,0.607405,0.465156,11,407,20,28
2024-01-01,ridge,6,0.6,0.817799,0.182201,Utilities,Information Technology,0.607405,0.425204,11,407,20,56
2024-01-01,ridge,7,0.7,0.754632,0.245368,Utilities,Communication Services,0.607405,0.362037,11,407,20,13
2024-01-01,ridge,8,0.8,0.753122,0.246878,Utilities,Materials,0.607405,0.360527,11,407,20,21
2024-01-01,ridge,9,0.9,0.70439,0.29561,Utilities,Energy,0.607405,0.311795,11,407,20,18
2024-01-01,ridge,10,1.0,0.680494,0.319506,Utilities,Health Care,0.607405,0.2879,11,407,20,54
2024-02-01,ridge,0,0.0,1.0,0.0,Energy,Energy,0.871857,0.871857,11,407,18,18
2024-02-01,ridge,1,0.1,0.75976,0.24024,Energy,Utilities,0.871857,0.631617,11,407,18,20
2024-02-01,ridge,2,0.2,0.72081,0.27919,Energy,Consumer Discretionary,0.871857,0.592666,11,407,18,41
2024-02-01,ridge,3,0.3,0.71727,0.28273,Energy,Consumer Staples,0.871857,0.589126,11,407,18,28
2024-02-01,ridge,4,0.4,0.611283,0.388717,Energy,Information Technology,0.871857,0.48314,11,407,18,56
2024-02-01,ridge,5,0.5,0.59643,0.40357,Energy,Health Care,0.871857,0.468287,11,407,18,54
2024-02-01,ridge,6,0.6,0.57913,0.42087,Energy,Industrials,0.871857,0.450987,11,407,18,65
2024-02-01,ridge,7,0.7,0.557178,0.442822,Energy,Financials,0.871857,0.429035,11,407,18,65
2024-02-01,ridge,8,0.8,0.526625,0.473375,Energy,Materials,0.871857,0.398481,11,407,18,21
2024-02-01,ridge,9,0.9,0.485005,0.514995,Energy,Communication Services,0.871857,0.356861,11,407,18,13
2024-02-01,ridge,10,1.0,0.245121,0.754879,Energy,Real Estate,0.871857,0.116977,11,407,18,26
2024-03-01,ridge,0,0.0,1.0,0.0,Materials,Materials,0.732439,0.732439,11,407,21,21
2024-03-01,ridge,1,0.1,0.937878,0.062122,Materials,Financials,0.732439,0.670317,11,407,21,65
2024-03-01,ridge,2,0.2,0.90861,0.09139,Materials,Real Estate,0.732439,0.641049,11,407,21,26
2024-03-01,ridge,3,0.3,0.906092,0.093908,Materials,Consumer Staples,0.732439,0.638532,11,407,21,28
2024-03-01,ridge,4,0.4,0.850073,0.149927,Materials,Health Care,0.732439,0.582512,11,407,21,54
2024-03-01,ridge,5,0.5,0.823789,0.176211,Materials,Energy,0.732439,0.556228,11,407,21,18
2024-03-01,ridge,6,0.6,0.785321,0.214679,Materials,Consumer Discretionary,0.732439,0.51776,11,407,21,41
2024-03-01,ridge,7,0.7,0.780653,0.219347,Materials,Information Technology,0.732439,0.513093,11,407,21,56
2024-03-01,ridge,8,0.8,0.76653,0.23347,Materials,Industrials,0.732439,0.498969,11,407,21,65
2024-03-01,ridge,9,0.9,0.762398,0.237602,Materials,Communication Services,0.732439,0.494837,11,407,21,13
2024-03-01,ridge,10,1.0,0.678357,0.321643,Materials,Utilities,0.732439,0.410796,11,407,21,20
2024-04-01,ridge,0,0.0,1.0,0.0,Energy,Energy,0.762077,0.762077,11,407,18,18
2024-04-01,ridge,1,0.1,0.863213,0.136787,Energy,Communication Services,0.762077,0.62529,11,407,18,13
2024-04-01,ridge,2,0.2,0.800211,0.199789,Energy,Information Technology,0.762077,0.562288,11,407,18,56
2024-04-01,ridge,3,0.3,0.78973,0.21027,Energy,Materials,0.762077,0.551807,11,407,18,21
2024-04-01,ridge,4,0.4,0.727544,0.272456,Energy,Real Estate,0.762077,0.489621,11,407,18,26
2024-04-01,ridge,5,0.5,0.722683,0.277317,Energy,Industrials,0.762077,0.48476,11,407,18,65
2024-04-01,ridge,6,0.6,0.696504,0.303496,Energy,Health Care,0.762077,0.458581,11,407,18,54
2024-04-01,ridge,7,0.7,0.601161,0.398839,Energy,Financials,0.762077,0.363238,11,407,18,65
2024-04-01,ridge,8,0.8,0.590948,0.409052,Energy,Consumer Staples,0.762077,0.353025,11,407,18,28
2024-04-01,ridge,9,0.9,0.58462,0.41538,Energy,Consumer Discretionary,0.762077,0.346697,11,407,18,41
2024-04-01,ridge,10,1.0,0.553834,0.446166,Energy,Utilities,0.762077,0.315911,11,407,18,20
2024-05-01,ridge,0,0.0,1.0,0.0,Materials,Materials,0.562899,0.562899,11,407,21,21
2024-05-01,ridge,1,0.1,0.993775,0.006225,Materials,Energy,0.562899,0.556674,11,407,21,18
2024-05-01,ridge,2,0.2,0.98,0.02,Materials,Consumer Discretionary,0.562899,0.542899,11,407,21,41
2024-05-01,ridge,3,0.3,0.965654,0.034346,Materials,Industrials,0.562899,0.528553,11,407,21,65
2024-05-01,ridge,4,0.4,0.938996,0.061004,Materials,Real Estate,0.562899,0.501895,11,407,21,26
2024-05-01,ridge,5,0.5,0.888595,0.111405,Materials,Health Care,0.562899,0.451493,11,407,21,54
2024-05-01,ridge,6,0.6,0.886468,0.113532,Materials,Communication Services,0.562899,0.449367,11,407,21,13
2024-05-01,ridge,7,0.7,0.858574,0.141426,Materials,Financials,0.562899,0.421473,11,407,21,65
2024-05-01,ridge,8,0.8,0.822039,0.177961,Materials,Information Technology,0.562899,0.384938,11,407,21,56
2024-05-01,ridge,9,0.9,0.799912,0.200088,Materials,Utilities,0.562899,0.362811,11,407,21,20
2024-05-01,ridge,10,1.0,0.714293,0.285707,Materials,Consumer Staples,0.562899,0.277192,11,407,21,28
2024-06-03,ridge,0,0.0,1.0,0.0,Utilities,Utilities,0.643848,0.643848,11,407,20,20
2024-06-03,ridge,1,0.1,0.864703,0.135297,Utilities,Industrials,0.643848,0.508551,11,407,20,65
2024-06-03,ridge,2,0.2,0.85237,0.14763,Utilities,Real Estate,0.643848,0.496218,11,407,20,26
2024-06-03,ridge,3,0.3,0.828677,0.171323,Utilities,Financials,0.643848,0.472525,11,407,20,65
2024-06-03,ridge,4,0.4,0.746656,0.253344,Utilities,Consumer Discretionary,0.643848,0.390504,11,407,20,41
2024-06-03,ridge,5,0.5,0.719128,0.280872,Utilities,Information Technology,0.643848,0.362976,11,407,20,56
2024-06-03,ridge,6,0.6,0.712636,0.287364,Utilities,Energy,0.643848,0.356484,11,407,20,18
2024-06-03,ridge,7,0.7,0.674351,0.325649,Utilities,Materials,0.643848,0.318199,11,407,20,21
2024-06-03,ridge,8,0.8,0.671699,0.328301,Utilities,Health Care,0.643848,0.315547,11,407,20,54
2024-06-03,ridge,9,0.9,0.62607,0.37393,Utilities,Communication Services,0.643848,0.269918,11,407,20,13
2024-06-03,ridge,10,1.0,0.625391,0.374609,Utilities,Consumer Staples,0.643848,0.269239,11,407,20,28
2024-07-01,ridge,0,0.0,1.0,0.0,Information Technology,Information Technology,0.687652,0.687652,11,407,56,56
2024-07-01,ridge,1,0.1,0.955952,0.044048,Information Technology,Industrials,0.687652,0.643604,11,407,56,65
2024-07-01,ridge,2,0.2,0.908636,0.091364,Information Technology,Health Care,0.687652,0.596289,11,407,56,54
2024-07-01,ridge,3,0.3,0.885125,0.114875,Information Technology,Communication Services,0.687652,0.572778,11,407,56,13
2024-07-01,ridge,4,0.4,0.876753,0.123247,Information Technology,Real Estate,0.687652,0.564405,11,407,56,26
2024-07-01,ridge,5,0.5,0.870382,0.129618,Information Technology,Consumer Staples,0.687652,0.558034,11,407,56,28
2024-07-01,ridge,6,0.6,0.806435,0.193565,Information Technology,Consumer Discretionary,0.687652,0.494087,11,407,56,41
2024-07-01,ridge,7,0.7,0.764721,0.235279,Information Technology,Financials,0.687652,0.452374,11,407,56,65
2024-07-01,ridge,8,0.8,0.724092,0.275908,Information Technology,Utilities,0.687652,0.411744,11,407,56,20
2024-07-01,ridge,9,0.9,0.711836,0.288164,Information Technology,Materials,0.687652,0.399489,11,407,56,21
2024-07-01,ridge,10,1.0,0.494378,0.505622,Information Technology,Energy,0.687652,0.18203,11,407,56,18
2024-08-01,ridge,0,0.0,1.0,0.0,Real Estate,Real Estate,0.710021,0.710021,11,407,26,26
2024-08-01,ridge,1,0.1,0.995496,0.004504,Real Estate,Utilities,0.710021,0.705517,11,407,26,20
2024-08-01,ridge,2,0.2,0.992125,0.007875,Real Estate,Communication Services,0.710021,0.702147,11,407,26,13
2024-08-01,ridge,3,0.3,0.814809,0.185191,Real Estate,Financials,0.710021,0.52483,11,407,26,65
2024-08-01,ridge,4,0.4,0.782413,0.217587,Real Estate,Industrials,0.710021,0.492434,11,407,26,65
2024-08-01,ridge,5,0.5,0.759169,0.240831,Real Estate,Health Care,0.710021,0.469191,11,407,26,54
2024-08-01,ridge,6,0.6,0.754056,0.245944,Real Estate,Consumer Discretionary,0.710021,0.464077,11,407,26,41
2024-08-01,ridge,7,0.7,0.752833,0.247167,Real Estate,Information Technology,0.710021,0.462854,11,407,26,56
2024-08-01,ridge,8,0.8,0.662158,0.337842,Real Estate,Energy,0.710021,0.372179,11,407,26,18
2024-08-01,ridge,9,0.9,0.582886,0.417114,Real Estate,Materials,0.710021,0.292908,11,407,26,21
2024-08-01,ridge,10,1.0,0.568177,0.431823,Real Estate,Consumer Staples,0.710021,0.278198,11,407,26,28
2024-09-02,ridge,0,0.0,1.0,0.0,Materials,Materials,0.590142,0.590142,11,407,21,21
2024-09-02,ridge,1,0.1,0.988491,0.011509,Materials,Consumer Discretionary,0.590142,0.578633,11,407,21,41
2024-09-02,ridge,2,0.2,0.986714,0.013286,Materials,Utilities,0.590142,0.576856,11,407,21,20
2024-09-02,ridge,3,0.3,0.978801,0.021199,Materials,Consumer Staples,0.590142,0.568943,11,407,21,28
2024-09-02,ridge,4,0.4,0.97408,0.02592,Materials,Health Care,0.590142,0.564222,11,407,21,54
2024-09-02,ridge,5,0.5,0.945558,0.054442,Materials,Industrials,0.590142,0.5357,11,407,21,65
2024-09-02,ridge,6,0.6,0.913234,0.086766,Materials,Energy,0.590142,0.503377,11,407,21,18
2024-09-02,ridge,7,0.7,0.894787,0.105213,Materials,Financials,0.590142,0.484929,11,407,21,65
2024-09-02,ridge,8,0.8,0.89387,0.10613,Materials,Information Technology,0.590142,0.484012,11,407,21,56
2024-09-02,ridge,9,0.9,0.768932,0.231068,Materials,Real Estate,0.590142,0.359075,11,407,21,26
2024-09-02,ridge,10,1.0,0.524922,0.475078,Materials,Communication Services,0.590142,0.115064,11,407,21,13
2024-10-01,ridge,0,0.0,1.0,0.0,Materials,Materials,0.625417,0.625417,11,407,21,21
2024-10-01,ridge,1,0.1,0.98606,0.01394,Materials,Health Care,0.625417,0.611478,11,407,21,54
2024-10-01,ridge,2,0.2,0.965799,0.034201,Materials,Communication Services,0.625417,0.591216,11,407,21,13
2024-10-01,ridge,3,0.3,0.896495,0.103505,Materials,Utilities,0.625417,0.521912,11,407,21,20
2024-10-01,ridge,4,0.4,0.88973,0.11027,Materials,Industrials,0.625417,0.515147,11,407,21,65
2024-10-01,ridge,5,0.5,0.879036,0.120964,Materials,Consumer Discretionary,0.625417,0.504453,11,407,21,41
2024-10-01,ridge,6,0.6,0.846692,0.153308,Materials,Financials,0.625417,0.472109,11,407,21,65
2024-10-01,ridge,7,0.7,0.813348,0.186652,Materials,Real Estate,0.625417,0.438765,11,407,21,26
2024-10-01,ridge,8,0.8,0.777758,0.222242,Materials,Information Technology,0.625417,0.403176,11,407,21,56
2024-10-01,ridge,9,0.9,0.756986,0.243014,Materials,Consumer Staples,0.625417,0.382403,11,407,21,28
2024-10-01,ridge,10,1.0,0.745486,0.254514,Materials,Energy,0.625417,0.370903,11,407,21,18
2024-11-01,ridge,0,0.0,1.0,0.0,Utilities,Utilities,0.654199,0.654199,11,407,20,20
2024-11-01,ridge,1,0.1,0.971577,0.028423,Utilities,Communication Services,0.654199,0.625776,11,407,20,13
2024-11-01,ridge,2,0.2,0.92232,0.07768,Utilities,Health Care,0.654199,0.576519,11,407,20,54
2024-11-01,ridge,3,0.3,0.833698,0.166302,Utilities,Consumer Staples,0.654199,0.487897,11,407,20,28
2024-11-01,ridge,4,0.4,0.787482,0.212518,Utilities,Real Estate,0.654199,0.441681,11,407,20,26
2024-11-01,ridge,5,0.5,0.785426,0.214574,Utilities,Energy,0.654199,0.439625,11,407,20,18
2024-11-01,ridge,6,0.6,0.760411,0.239589,Utilities,Materials,0.654199,0.41461,11,407,20,21
2024-11-01,ridge,7,0.7,0.755105,0.244895,Utilities,Information Technology,0.654199,0.409303,11,407,20,56
2024-11-01,ridge,8,0.8,0.743094,0.256906,Utilities,Consumer Discretionary,0.654199,0.397293,11,407,20,41
2024-11-01,ridge,9,0.9,0.703795,0.296205,Utilities,Industrials,0.654199,0.357994,11,407,20,65
2024-11-01,ridge,10,1.0,0.673204,0.326796,Utilities,Financials,0.654199,0.327402,11,407,20,65
2024-12-02,ridge,0,0.0,1.0,0.0,Materials,Materials,0.698149,0.698149,11,407,21,21
2024-12-02,ridge,1,0.1,0.888433,0.111567,Materials,Utilities,0.698149,0.586581,11,407,21,20
2024-12-02,ridge,2,0.2,0.854545,0.145455,Materials,Consumer Staples,0.698149,0.552694,11,407,21,28
2024-12-02,ridge,3,0.3,0.828641,0.171359,Materials,Industrials,0.698149,0.526789,11,407,21,65
2024-12-02,ridge,4,0.4,0.820088,0.179912,Materials,Information Technology,0.698149,0.518236,11,407,21,56
2024-12-02,ridge,5,0.5,0.807588,0.192412,Materials,Financials,0.698149,0.505736,11,407,21,65
2024-12-02,ridge,6,0.6,0.806918,0.193082,Materials,Real Estate,0.698149,0.505067,11,407,21,26
2024-12-02,ridge,7,0.7,0.788858,0.211142,Materials,Energy,0.698149,0.487007,11,407,21,18
2024-12-02,ridge,8,0.8,0.778575,0.221425,Materials,Health Care,0.698149,0.476724,11,407,21,54
2024-12-02,ridge,9,0.9,0.625795,0.374205,Materials,Consumer Discretionary,0.698149,0.323944,11,407,21,41
2024-12-02,ridge,10,1.0,0.455637,0.544363,Materials,Communication Services,0.698149,0.153785,11,407,21,13
2025-01-01,ridge,0,0.0,1.0,0.0,Energy,Energy,0.654796,0.654796,11,407,18,18
2025-01-01,ridge,1,0.1,0.988574,0.011426,Energy,Utilities,0.654796,0.64337,11,407,18,20
2025-01-01,ridge,2,0.2,0.96325,0.03675,Energy,Information Technology,0.654796,0.618046,11,407,18,56
2025-01-01,ridge,3,0.3,0.873177,0.126823,Energy,Health Care,0.654796,0.527973,11,407,18,54
2025-01-01,ridge,4,0.4,0.850614,0.149386,Energy,Consumer Discretionary,0.654796,0.50541,11,407,18,41
2025-01-01,ridge,5,0.5,0.841365,0.158635,Energy,Materials,0.654796,0.496161,11,407,18,21
2025-01-01,ridge,6,0.6,0.824607,0.175393,Energy,Industrials,0.654796,0.479403,11,407,18,65
2025-01-01,ridge,7,0.7,0.743536,0.256464,Energy,Real Estate,0.654796,0.398332,11,407,18,26
2025-01-01,ridge,8,0.8,0.731167,0.268833,Energy,Financials,0.654796,0.385963,11,407,18,65
2025-01-01,ridge,9,0.9,0.670338,0.329662,Energy,Consumer Staples,0.654796,0.325134,11,407,18,28
2025-01-01,ridge,10,1.0,0.617584,0.382416,Energy,Communication Services,0.654796,0.27238,11,407,18,13
2025-02-03,ridge,0,0.0,1.0,0.0,Consumer Discretionary,Consumer Discretionary,0.656558,0.656558,11,407,41,41
2025-02-03,ridge,1,0.1,0.995224,0.004776,Consumer Discretionary,Communication Services,0.656558,0.651781,11,407,41,13
2025-02-03,ridge,2,0.2,0.951706,0.048294,Consumer Discretionary,Utilities,0.656558,0.608264,11,407,41,20
2025-02-03,ridge,3,0.3,0.879072,0.120928,Consumer Discretionary,Energy,0.656558,0.53563,11,407,41,18
2025-02-03,ridge,4,0.4,0.837106,0.162894,Consumer Discretionary,Materials,0.656558,0.493664,11,407,41,21
2025-02-03,ridge,5,0.5,0.834123,0.165877,Consumer Discretionary,Information Technology,0.656558,0.49068,11,407,41,56
2025-02-03,ridge,6,0.6,0.817394,0.182606,Consumer Discretionary,Consumer Staples,0.656558,0.473952,11,407,41,28
2025-02-03,ridge,7,0.7,0.74531,0.25469,Consumer Discretionary,Financials,0.656558,0.401868,11,407,41,65
2025-02-03,ridge,8,0.8,0.731494,0.268506,Consumer Discretionary,Real Estate,0.656558,0.388052,11,407,41,26
2025-02-03,ridge,9,0.9,0.730305,0.269695,Consumer Discretionary,Health Care,0.656558,0.386863,11,407,41,54
2025-02-03,ridge,10,1.0,0.686832,0.313168,Consumer Discretionary,Industrials,0.656558,0.34339,11,407,41,65
2025-03-03,ridge,0,0.0,1.0,0.0,Consumer Staples,Consumer Staples,0.693996,0.693996,11,407,28,28
2025-03-03,ridge,1,0.1,0.951665,0.048335,Consumer Staples,Materials,0.693996,0.645661,11,407,28,21
2025-03-03,ridge,2,0.2,0.88083,0.11917,Consumer Staples,Communication Services,0.693996,0.574825,11,407,28,13
2025-03-03,ridge,3,0.3,0.779597,0.220403,Consumer Staples,Energy,0.693996,0.473593,11,407,28,18
2025-03-03,ridge,4,0.4,0.767067,0.232933,Consumer Staples,Information Technology,0.693996,0.461063,11,407,28,56
2025-03-03,ridge,5,0.5,0.76522,0.23478,Consumer Staples,Industrials,0.693996,0.459216,11,407,28,65
2025-03-03,ridge,6,0.6,0.751254,0.248746,Consumer Staples,Consumer Discretionary,0.693996,0.445249,11,407,28,41
2025-03-03,ridge,7,0.7,0.746816,0.253184,Consumer Staples,Health Care,0.693996,0.440812,11,407,28,54
2025-03-03,ridge,8,0.8,0.714223,0.285777,Consumer Staples,Real Estate,0.693996,0.408219,11,407,28,26
2025-03-03,ridge,9,0.9,0.691395,0.308605,Consumer Staples,Utilities,0.693996,0.385391,11,407,28,20
2025-03-03,ridge,10,1.0,0.687116,0.312884,Consumer Staples,Financials,0.693996,0.381112,11,407,28,65
2025-04-01,ridge,0,0.0,1.0,0.0,Utilities,Utilities,0.541809,0.541809,11,407,20,20
2025-04-01,ridge,1,0.1,0.997706,0.002294,Utilities,Communication Services,0.541809,0.539515,11,407,20,13
2025-04-01,ridge,2,0.2,0.973499,0.026501,Utilities,Information Technology,0.541809,0.515308,11,407,20,56
2025-04-01,ridge,3,0.3,0.968278,0.031722,Utilities,Materials,0.541809,0.510087,11,407,20,21
2025-04-01,ridge,4,0.4,0.919141,0.080859,Utilities,Industrials,0.541809,0.46095,11,407,20,65
2025-04-01,ridge,5,0.5,0.907412,0.092588,Utilities,Health Care,0.541809,0.449221,11,407,20,54
2025-04-01,ridge,6,0.6,0.868861,0.131139,Utilities,Consumer Discretionary,0.541809,0.41067,11,407,20,41
2025-04-01,ridge,7,0.7,0.800813,0.199187,Utilities,Energy,0.541809,0.342622,11,407,20,18
2025-04-01,ridge,8,0.8,0.795603,0.204397,Utilities,Financials,0.541809,0.337412,11,407,20,65
2025-04-01,ridge,9,0.9,0.752229,0.247771,Utilities,Real Estate,0.541809,0.294038,11,407,20,26
2025-04-01,ridge,10,1.0,0.744344,0.255656,Utilities,Consumer Staples,0.541809,0.286153,11,407,20,28
2025-05-01,ridge,0,0.0,1.0,0.0,Materials,Materials,0.643285,0.643285,11,407,21,21
2025-05-01,ridge,1,0.1,0.99586,0.00414,Materials,Consumer Discretionary,0.643285,0.639145,11,407,21,41
2025-05-01,ridge,2,0.2,0.994146,0.005854,Materials,Energy,0.643285,0.63743,11,407,21,18
2025-05-01,ridge,3,0.3,0.983911,0.016089,Materials,Health Care,0.643285,0.627196,11,407,21,54
2025-05-01,ridge,4,0.4,0.980824,0.019176,Materials,Information Technology,0.643285,0.624109,11,407,21,56
2025-05-01,ridge,5,0.5,0.910303,0.089697,Materials,Financials,0.643285,0.553588,11,407,21,65
2025-05-01,ridge,6,0.6,0.901393,0.098607,Materials,Consumer Staples,0.643285,0.544678,11,407,21,28
2025-05-01,ridge,7,0.7,0.87063,0.12937,Materials,Industrials,0.643285,0.513914,11,407,21,65
2025-05-01,ridge,8,0.8,0.784864,0.215136,Materials,Communication Services,0.643285,0.428148,11,407,21,13
2025-05-01,ridge,9,0.9,0.700399,0.299601,Materials,Utilities,0.643285,0.343683,11,407,21,20
2025-05-01,ridge,10,1.0,0.638228,0.361772,Materials,Real Estate,0.643285,0.281513,11,407,21,26
2025-06-02,ridge,0,0.0,1.0,0.0,Materials,Materials,0.676779,0.676779,11,407,21,21
2025-06-02,ridge,1,0.1,0.974364,0.025636,Materials,Health Care,0.676779,0.651143,11,407,21,54
2025-06-02,ridge,2,0.2,0.884039,0.115961,Materials,Consumer Staples,0.676779,0.560818,11,407,21,28
2025-06-02,ridge,3,0.3,0.862441,0.137559,Materials,Information Technology,0.676779,0.53922,11,407,21,56
2025-06-02,ridge,4,0.4,0.856022,0.143978,Materials,Real Estate,0.676779,0.532801,11,407,21,26
2025-06-02,ridge,5,0.5,0.82632,0.17368,Materials,Consumer Discretionary,0.676779,0.503099,11,407,21,41
2025-06-02,ridge,6,0.6,0.766946,0.233054,Materials,Industrials,0.676779,0.443724,11,407,21,65
2025-06-02,ridge,7,0.7,0.763616,0.236384,Materials,Communication Services,0.676779,0.440395,11,407,21,13
2025-06-02,ridge,8,0.8,0.728538,0.271462,Materials,Financials,0.676779,0.405317,11,407,21,65
2025-06-02,ridge,9,0.9,0.714508,0.285492,Materials,Energy,0.676779,0.391287,11,407,21,18
2025-06-02,ridge,10,1.0,0.692191,0.307809,Materials,Utilities,0.676779,0.36897,11,407,21,20
2025-07-01,ridge,0,0.0,1.0,0.0,Consumer Staples,Consumer Staples,0.529075,0.529075,11,407,28,28
2025-07-01,ridge,1,0.1,0.989339,0.010661,Consumer Staples,Consumer Discretionary,0.529075,0.518414,11,407,28,41
2025-07-01,ridge,2,0.2,0.951408,0.048592,Consumer Staples,Health Care,0.529075,0.480482,11,407,28,54
2025-07-01,ridge,3,0.3,0.902299,0.097701,Consumer Staples,Real Estate,0.529075,0.431374,11,407,28,26
2025-07-01,ridge,4,0.4,0.894226,0.105774,Consumer Staples,Energy,0.529075,0.423301,11,407,28,18
2025-07-01,ridge,5,0.5,0.853037,0.146963,Consumer Staples,Utilities,0.529075,0.382111,11,407,28,20
2025-07-01,ridge,6,0.6,0.845324,0.154676,Consumer Staples,Information Technology,0.529075,0.374399,11,407,28,56
2025-07-01,ridge,7,0.7,0.810755,0.189245,Consumer Staples,Industrials,0.529075,0.33983,11,407,28,65
2025-07-01,ridge,8,0.8,0.809181,0.190819,Consumer Staples,Materials,0.529075,0.338255,11,407,28,21
2025-07-01,ridge,9,0.9,0.804801,0.195199,Consumer Staples,Financials,0.529075,0.333875,11,407,28,65
2025-07-01,ridge,10,1.0,0.788688,0.211312,Consumer Staples,Communication Services,0.529075,0.317763,11,407,28,13
2025-08-01,ridge,0,0.0,1.0,0.0,Communication Services,Communication Services,0.656763,0.656763,11,407,13,13
2025-08-01,ridge,1,0.1,0.974268,0.025732,Communication Services,Industrials,0.656763,0.631031,11,407,13,65
2025-08-01,ridge,2,0.2,0.944924,0.055076,Communication Services,Information Technology,0.656763,0.601687,11,407,13,56
2025-08-01,ridge,3,0.3,0.935665,0.064335,Communication Services,Utilities,0.656763,0.592428,11,407,13,20
2025-08-01,ridge,4,0.4,0.915386,0.084614,Communication Services,Real Estate,0.656763,0.572149,11,407,13,26
2025-08-01,ridge,5,0.5,0.90199,0.09801,Communication Services,Health Care,0.656763,0.558753,11,407,13,54
2025-08-01,ridge,6,0.6,0.899427,0.100573,Communication Services,Consumer Discretionary,0.656763,0.55619,11,407,13,41
2025-08-01,ridge,7,0.7,0.890701,0.109299,Communication Services,Energy,0.656763,0.547464,11,407,13,18
2025-08-01,ridge,8,0.8,0.861418,0.138582,Communication Services,Financials,0.656763,0.518181,11,407,13,65
2025-08-01,ridge,9,0.9,0.855846,0.144154,Communication Services,Consumer Staples,0.656763,0.512609,11,407,13,28
2025-08-01,ridge,10,1.0,0.576873,0.423127,Communication Services,Materials,0.656763,0.233636,11,407,13,21
2025-09-01,ridge,0,0.0,1.0,0.0,Energy,Energy,0.667885,0.667885,11,407,18,18
2025-09-01,ridge,1,0.1,0.978936,0.021064,Energy,Communication Services,0.667885,0.64682,11,407,18,13
2025-09-01,ridge,2,0.2,0.870116,0.129884,Energy,Consumer Discretionary,0.667885,0.538,11,407,18,41
2025-09-01,ridge,3,0.3,0.817869,0.182131,Energy,Industrials,0.667885,0.485754,11,407,18,65
2025-09-01,ridge,4,0.4,0.810071,0.189929,Energy,Utilities,0.667885,0.477955,11,407,18,20
2025-09-01,ridge,5,0.5,0.797059,0.202941,Energy,Materials,0.667885,0.464943,11,407,18,21
2025-09-01,ridge,6,0.6,0.772045,0.227955,Energy,Health Care,0.667885,0.43993,11,407,18,54
2025-09-01,ridge,7,0.7,0.754032,0.245968,Energy,Information Technology,0.667885,0.421917,11,407,18,56
2025-09-01,ridge,8,0.8,0.740021,0.259979,Energy,Financials,0.667885,0.407905,11,407,18,65
2025-09-01,ridge,9,0.9,0.732272,0.267728,Energy,Real Estate,0.667885,0.400157,11,407,18,26
2025-09-01,ridge,10,1.0,0.70872,0.29128,Energy,Consumer Staples,0.667885,0.376605,11,407,18,28
2025-10-01,ridge,0,0.0,1.0,0.0,Consumer Staples,Consumer Staples,0.655715,0.655715,11,407,28,28
2025-10-01,ridge,1,0.1,0.928888,0.071112,Consumer Staples,Energy,0.655715,0.584603,11,407,28,18
2025-10-01,ridge,2,0.2,0.908765,0.091235,Consumer Staples,Health Care,0.655715,0.56448,11,407,28,54
2025-10-01,ridge,3,0.3,0.891034,0.108966,Consumer Staples,Materials,0.655715,0.546749,11,407,28,21
2025-10-01,ridge,4,0.4,0.884115,0.115885,Consumer Staples,Industrials,0.655715,0.53983,11,407,28,65
2025-10-01,ridge,5,0.5,0.869858,0.130142,Consumer Staples,Utilities,0.655715,0.525573,11,407,28,20
2025-10-01,ridge,6,0.6,0.822125,0.177875,Consumer Staples,Financials,0.655715,0.47784,11,407,28,65
2025-10-01,ridge,7,0.7,0.759597,0.240403,Consumer Staples,Communication Services,0.655715,0.415312,11,407,28,13
2025-10-01,ridge,8,0.8,0.73068,0.26932,Consumer Staples,Consumer Discretionary,0.655715,0.386396,11,407,28,41
2025-10-01,ridge,9,0.9,0.719567,0.280433,Consumer Staples,Information Technology,0.655715,0.375282,11,407,28,56
2025-10-01,ridge,10,1.0,0.539194,0.460806,Consumer Staples,Real Estate,0.655715,0.19491,11,407,28,26
2025-11-03,ridge,0,0.0,1.0,0.0,Energy,Energy,0.628236,0.628236,11,407,18,18
2025-11-03,ridge,1,0.1,0.945211,0.054789,Energy,Consumer Staples,0.628236,0.573446,11,407,18,28
2025-11-03,ridge,2,0.2,0.94032,0.05968,Energy,Financials,0.628236,0.568556,11,407,18,65
2025-11-03,ridge,3,0.3,0.904759,0.095241,Energy,Utilities,0.628236,0.532995,11,407,18,20
2025-11-03,ridge,4,0.4,0.889015,0.110985,Energy,Consumer Discretionary,0.628236,0.517251,11,407,18,41
2025-11-03,ridge,5,0.5,0.861742,0.138258,Energy,Real Estate,0.628236,0.489977,11,407,18,26
2025-11-03,ridge,6,0.6,0.859051,0.140949,Energy,Industrials,0.628236,0.487287,11,407,18,65
2025-11-03,ridge,7,0.7,0.835991,0.164009,Energy,Health Care,0.628236,0.464227,11,407,18,54
2025-11-03,ridge,8,0.8,0.831991,0.168009,Energy,Information Technology,0.628236,0.460227,11,407,18,56
2025-11-03,ridge,9,0.9,0.801491,0.198509,Energy,Materials,0.628236,0.429726,11,407,18,21
2025-11-03,ridge,10,1.0,0.667318,0.332682,Energy,Communication Services,0.628236,0.295553,11,407,18,13
2025-12-01,ridge,0,0.0,1.0,0.0,Communication Services,Communication Services,0.817121,0.817121,11,407,13,13
2025-12-01,ridge,1,0.1,0.859994,0.140006,Communication Services,Utilities,0.817121,0.677115,11,407,13,20
2025-12-01,ridge,2,0.2,0.807211,0.192789,Communication Services,Financials,0.817121,0.624332,11,407,13,65
2025-12-01,ridge,3,0.3,0.780743,0.219257,Communication Services,Energy,0.817121,0.597864,11,407,13,18
2025-12-01,ridge,4,0.4,0.708791,0.291209,Communication Services,Health Care,0.817121,0.525912,11,407,13,54
2025-12-01,ridge,5,0.5,0.708054,0.291946,Communication Services,Information Technology,0.817121,0.525174,11,407,13,56
2025-12-01,ridge,6,0.6,0.707841,0.292159,Communication Services,Materials,0.817121,0.524961,11,407,13,21
2025-12-01,ridge,7,0.7,0.700665,0.299335,Communication Services,Real Estate,0.817121,0.517785,11,407,13,26
2025-12-01,ridge,8,0.8,0.690972,0.309028,Communication Services,Industrials,0.817121,0.508093,11,407,13,65
2025-12-01,ridge,9,0.9,0.67453,0.32547,Communication Services,Consumer Discretionary,0.817121,0.491651,11,407,13,41
2025-12-01,ridge,10,1.0,0.661715,0.338285,Communication Services,Consumer Staples,0.817121,0.478836,11,407,13,28
2023-01-02,xgboost,0,0.0,1.0,0.0,Health Care,Health Care,0.76769,0.76769,11,407,54,54
2023-01-02,xgboost,1,0.1,0.984013,0.015987,Health Care,Communication Services,0.76769,0.751704,11,407,54,13
2023-01-02,xgboost,2,0.2,0.951504,0.048496,Health Care,Consumer Discretionary,0.76769,0.719194,11,407,54,41
2023-01-02,xgboost,3,0.3,0.940234,0.059766,Health Care,Utilities,0.76769,0.707924,11,407,54,20
2023-01-02,xgboost,4,0.4,0.909931,0.090069,Health Care,Consumer Staples,0.76769,0.677621,11,407,54,28
2023-01-02,xgboost,5,0.5,0.874599,0.125401,Health Care,Information Technology,0.76769,0.642289,11,407,54,56
2023-01-02,xgboost,6,0.6,0.872192,0.127808,Health Care,Industrials,0.76769,0.639882,11,407,54,65
2023-01-02,xgboost,7,0.7,0.852795,0.147205,Health Care,Materials,0.76769,0.620486,11,407,54,21
2023-01-02,xgboost,8,0.8,0.828931,0.171069,Health Care,Financials,0.76769,0.596621,11,407,54,65
2023-01-02,xgboost,9,0.9,0.721499,0.278501,Health Care,Real Estate,0.76769,0.489189,11,407,54,26
2023-01-02,xgboost,10,1.0,0.577366,0.422634,Health Care,Energy,0.76769,0.345056,11,407,54,18
2023-02-01,xgboost,0,0.0,1.0,0.0,Real Estate,Real Estate,0.612029,0.612029,11,407,26,26
2023-02-01,xgboost,1,0.1,0.989005,0.010995,Real Estate,Financials,0.612029,0.601034,11,407,26,65
2023-02-01,xgboost,2,0.2,0.979305,0.020695,Real Estate,Consumer Staples,0.612029,0.591334,11,407,26,28
2023-02-01,xgboost,3,0.3,0.969192,0.030808,Real Estate,Energy,0.612029,0.581221,11,407,26,18
2023-02-01,xgboost,4,0.4,0.968902,0.031098,Real Estate,Materials,0.612029,0.580931,11,407,26,21
2023-02-01,xgboost,5,0.5,0.963111,0.036889,Real Estate,Utilities,0.612029,0.57514,11,407,26,20
2023-02-01,xgboost,6,0.6,0.915466,0.084534,Real Estate,Communication Services,0.612029,0.527495,11,407,26,13
2023-02-01,xgboost,7,0.7,0.893145,0.106855,Real Estate,Consumer Discretionary,0.612029,0.505174,11,407,26,41
2023-02-01,xgboost,8,0.8,0.880996,0.119004,Real Estate,Health Care,0.612029,0.493025,11,407,26,54
2023-02-01,xgboost,9,0.9,0.796103,0.203897,Real Estate,Information Technology,0.612029,0.408132,11,407,26,56
2023-02-01,xgboost,10,1.0,0.773032,0.226968,Real Estate,Industrials,0.612029,0.385061,11,407,26,65
2023-03-01,xgboost,0,0.0,1.0,0.0,Financials,Financials,0.499393,0.499393,11,407,65,65
2023-03-01,xgboost,1,0.1,0.996938,0.003062,Financials,Materials,0.499393,0.496331,11,407,65,21
2023-03-01,xgboost,2,0.2,0.973624,0.026376,Financials,Consumer Discretionary,0.499393,0.473017,11,407,65,41
2023-03-01,xgboost,3,0.3,0.96045,0.03955,Financials,Energy,0.499393,0.459843,11,407,65,18
2023-03-01,xgboost,4,0.4,0.944418,0.055582,Financials,Health Care,0.499393,0.443811,11,407,65,54
2023-03-01,xgboost,5,0.5,0.891529,0.108471,Financials,Industrials,0.499393,0.390922,11,407,65,65
2023-03-01,xgboost,6,0.6,0.884518,0.115482,Financials,Utilities,0.499393,0.383911,11,407,65,20
2023-03-01,xgboost,7,0.7,0.863007,0.136993,Financials,Consumer Staples,0.499393,0.3624,11,407,65,28
2023-03-01,xgboost,8,0.8,0.832877,0.167123,Financials,Communication Services,0.499393,0.33227,11,407,65,13
2023-03-01,xgboost,9,0.9,0.798652,0.201348,Financials,Information Technology,0.499393,0.298045,11,407,65,56
2023-03-01,xgboost,10,1.0,0.73759,0.26241,Financials,Real Estate,0.499393,0.236983,11,407,65,26
2023-04-03,xgboost,0,0.0,1.0,0.0,Communication Services,Communication Services,0.647484,0.647484,11,407,13,13
2023-04-03,xgboost,1,0.1,0.950912,0.049088,Communication Services,Industrials,0.647484,0.598396,11,407,13,65
2023-04-03,xgboost,2,0.2,0.925823,0.074177,Communication Services,Energy,0.647484,0.573306,11,407,13,18
2023-04-03,xgboost,3,0.3,0.910502,0.089498,Communication Services,Real Estate,0.647484,0.557985,11,407,13,26
2023-04-03,xgboost,4,0.4,0.823027,0.176973,Communication Services,Health Care,0.647484,0.470511,11,407,13,54
2023-04-03,xgboost,5,0.5,0.805056,0.194944,Communication Services,Information Technology,0.647484,0.45254,11,407,13,56
2023-04-03,xgboost,6,0.6,0.789253,0.210747,Communication Services,Consumer Staples,0.647484,0.436737,11,407,13,28
2023-04-03,xgboost,7,0.7,0.773133,0.226867,Communication Services,Materials,0.647484,0.420617,11,407,13,21
2023-04-03,xgboost,8,0.8,0.7276,0.2724,Communication Services,Financials,0.647484,0.375084,11,407,13,65
2023-04-03,xgboost,9,0.9,0.71962,0.28038,Communication Services,Consumer Discretionary,0.647484,0.367104,11,407,13,41
2023-04-03,xgboost,10,1.0,0.626938,0.373062,Communication Services,Utilities,0.647484,0.274422,11,407,13,20
2023-05-01,xgboost,0,0.0,1.0,0.0,Utilities,Utilities,0.694245,0.694245,11,407,20,20
2023-05-01,xgboost,1,0.1,0.951226,0.048774,Utilities,Consumer Discretionary,0.694245,0.645471,11,407,20,41
2023-05-01,xgboost,2,0.2,0.905916,0.094084,Utilities,Communication Services,0.694245,0.600161,11,407,20,13
2023-05-01,xgboost,3,0.3,0.898202,0.101798,Utilities,Energy,0.694245,0.592447,11,407,20,18
2023-05-01,xgboost,4,0.4,0.88235,0.11765,Utilities,Consumer Staples,0.694245,0.576595,11,407,20,28
2023-05-01,xgboost,5,0.5,0.822976,0.177024,Utilities,Industrials,0.694245,0.517221,11,407,20,65
2023-05-01,xgboost,6,0.6,0.739733,0.260267,Utilities,Health Care,0.694245,0.433978,11,407,20,54
2023-05-01,xgboost,7,0.7,0.71549,0.28451,Utilities,Financials,0.694245,0.409735,11,407,20,65
2023-05-01,xgboost,8,0.8,0.71329,0.28671,Utilities,Information Technology,0.694245,0.407535,11,407,20,56
2023-05-01,xgboost,9,0.9,0.58898,0.41102,Utilities,Materials,0.694245,0.283225,11,407,20,21
2023-05-01,xgboost,10,1.0,0.568793,0.431207,Utilities,Real Estate,0.694245,0.263038,11,407,20,26
2023-06-01,xgboost,0,0.0,1.0,0.0,Utilities,Utilities,0.719454,0.719454,11,407,20,20
2023-06-01,xgboost,1,0.1,0.908243,0.091757,Utilities,Consumer Discretionary,0.719454,0.627697,11,407,20,41
2023-06-01,xgboost,2,0.2,0.898449,0.101551,Utilities,Industrials,0.719454,0.617902,11,407,20,65
2023-06-01,xgboost,3,0.3,0.874016,0.125984,Utilities,Consumer Staples,0.719454,0.59347,11,407,20,28
2023-06-01,xgboost,4,0.4,0.873864,0.126136,Utilities,Real Estate,0.719454,0.593318,11,407,20,26
2023-06-01,xgboost,5,0.5,0.870349,0.129651,Utilities,Energy,0.719454,0.589803,11,407,20,18
2023-06-01,xgboost,6,0.6,0.807273,0.192727,Utilities,Health Care,0.719454,0.526727,11,407,20,54
2023-06-01,xgboost,7,0.7,0.787561,0.212439,Utilities,Materials,0.719454,0.507015,11,407,20,21
2023-06-01,xgboost,8,0.8,0.740915,0.259085,Utilities,Information Technology,0.719454,0.460369,11,407,20,56
2023-06-01,xgboost,9,0.9,0.73945,0.26055,Utilities,Financials,0.719454,0.458903,11,407,20,65
2023-06-01,xgboost,10,1.0,0.70763,0.29237,Utilities,Communication Services,0.719454,0.427083,11,407,20,13
2023-07-03,xgboost,0,0.0,1.0,0.0,Materials,Materials,0.660002,0.660002,11,407,21,21
2023-07-03,xgboost,1,0.1,0.945568,0.054432,Materials,Consumer Staples,0.660002,0.605571,11,407,21,28
2023-07-03,xgboost,2,0.2,0.934348,0.065652,Materials,Health Care,0.660002,0.59435,11,407,21,54
2023-07-03,xgboost,3,0.3,0.932624,0.067376,Materials,Real Estate,0.660002,0.592626,11,407,21,26
2023-07-03,xgboost,4,0.4,0.928514,0.071486,Materials,Utilities,0.660002,0.588516,11,407,21,20
2023-07-03,xgboost,5,0.5,0.885001,0.114999,Materials,Financials,0.660002,0.545003,11,407,21,65
2023-07-03,xgboost,6,0.6,0.878796,0.121204,Materials,Communication Services,0.660002,0.538799,11,407,21,13
2023-07-03,xgboost,7,0.7,0.864095,0.135905,Materials,Industrials,0.660002,0.524097,11,407,21,65
2023-07-03,xgboost,8,0.8,0.845383,0.154617,Materials,Energy,0.660002,0.505385,11,407,21,18
2023-07-03,xgboost,9,0.9,0.810956,0.189044,Materials,Information Technology,0.660002,0.470959,11,407,21,56
2023-07-03,xgboost,10,1.0,0.807578,0.192422,Materials,Consumer Discretionary,0.660002,0.46758,11,407,21,41
2023-08-01,xgboost,0,0.0,1.0,0.0,Information Technology,Information Technology,0.655951,0.655951,11,407,56,56
2023-08-01,xgboost,1,0.1,0.991876,0.008124,Information Technology,Consumer Staples,0.655951,0.647827,11,407,56,28
2023-08-01,xgboost,2,0.2,0.900199,0.099801,Information Technology,Industrials,0.655951,0.556151,11,407,56,65
2023-08-01,xgboost,3,0.3,0.891949,0.108051,Information Technology,Utilities,0.655951,0.547901,11,407,56,20
2023-08-01,xgboost,4,0.4,0.879144,0.120856,Information Technology,Financials,0.655951,0.535095,11,407,56,65
2023-08-01,xgboost,5,0.5,0.838319,0.161681,Information Technology,Health Care,0.655951,0.494271,11,407,56,54
2023-08-01,xgboost,6,0.6,0.834714,0.165286,Information Technology,Communication Services,0.655951,0.490666,11,407,56,13
2023-08-01,xgboost,7,0.7,0.8142,0.1858,Information Technology,Consumer Discretionary,0.655951,0.470152,11,407,56,41
2023-08-01,xgboost,8,0.8,0.777342,0.222658,Information Technology,Materials,0.655951,0.433294,11,407,56,21
2023-08-01,xgboost,9,0.9,0.768958,0.231042,Information Technology,Energy,0.655951,0.42491,11,407,56,18
2023-08-01,xgboost,10,1.0,0.733754,0.266246,Information Technology,Real Estate,0.655951,0.389705,11,407,56,26
2023-09-01,xgboost,0,0.0,1.0,0.0,Communication Services,Communication Services,0.672884,0.672884,11,407,13,13
2023-09-01,xgboost,1,0.1,0.954599,0.045401,Communication Services,Information Technology,0.672884,0.627484,11,407,13,56
2023-09-01,xgboost,2,0.2,0.887271,0.112729,Communication Services,Materials,0.672884,0.560155,11,407,13,21
2023-09-01,xgboost,3,0.3,0.80169,0.19831,Communication Services,Financials,0.672884,0.474574,11,407,13,65
2023-09-01,xgboost,4,0.4,0.797582,0.202418,Communication Services,Consumer Discretionary,0.672884,0.470466,11,407,13,41
2023-09-01,xgboost,5,0.5,0.79235,0.20765,Communication Services,Industrials,0.672884,0.465234,11,407,13,65
2023-09-01,xgboost,6,0.6,0.769331,0.230669,Communication Services,Health Care,0.672884,0.442215,11,407,13,54
2023-09-01,xgboost,7,0.7,0.757227,0.242773,Communication Services,Consumer Staples,0.672884,0.430111,11,407,13,28
2023-09-01,xgboost,8,0.8,0.746507,0.253493,Communication Services,Utilities,0.672884,0.419391,11,407,13,20
2023-09-01,xgboost,9,0.9,0.645532,0.354468,Communication Services,Real Estate,0.672884,0.318416,11,407,13,26
2023-09-01,xgboost,10,1.0,0.588353,0.411647,Communication Services,Energy,0.672884,0.261238,11,407,13,18
2023-10-02,xgboost,0,0.0,1.0,0.0,Energy,Energy,0.772091,0.772091,11,407,18,18
2023-10-02,xgboost,1,0.1,0.830588,0.169412,Energy,Communication Services,0.772091,0.602679,11,407,18,13
2023-10-02,xgboost,2,0.2,0.756185,0.243815,Energy,Consumer Staples,0.772091,0.528275,11,407,18,28
2023-10-02,xgboost,3,0.3,0.730846,0.269154,Energy,Industrials,0.772091,0.502937,11,407,18,65
2023-10-02,xgboost,4,0.4,0.726445,0.273555,Energy,Utilities,0.772091,0.498535,11,407,18,20
2023-10-02,xgboost,5,0.5,0.692509,0.307491,Energy,Consumer Discretionary,0.772091,0.464599,11,407,18,41
2023-10-02,xgboost,6,0.6,0.648126,0.351874,Energy,Financials,0.772091,0.420216,11,407,18,65
2023-10-02,xgboost,7,0.7,0.646222,0.353778,Energy,Materials,0.772091,0.418313,11,407,18,21
2023-10-02,xgboost,8,0.8,0.621738,0.378262,Energy,Information Technology,0.772091,0.393828,11,407,18,56
2023-10-02,xgboost,9,0.9,0.609249,0.390751,Energy,Real Estate,0.772091,0.38134,11,407,18,26
2023-10-02,xgboost,10,1.0,0.414525,0.585475,Energy,Health Care,0.772091,0.186615,11,407,18,54
2023-11-01,xgboost,0,0.0,1.0,0.0,Utilities,Utilities,0.724894,0.724894,11,407,20,20
2023-11-01,xgboost,1,0.1,0.963867,0.036133,Utilities,Financials,0.724894,0.68876,11,407,20,65
2023-11-01,xgboost,2,0.2,0.957424,0.042576,Utilities,Health Care,0.724894,0.682317,11,407,20,54
2023-11-01,xgboost,3,0.3,0.889877,0.110123,Utilities,Consumer Discretionary,0.724894,0.61477,11,407,20,41
2023-11-01,xgboost,4,0.4,0.855279,0.144721,Utilities,Consumer Staples,0.724894,0.580172,11,407,20,28
2023-11-01,xgboost,5,0.5,0.80186,0.19814,Utilities,Industrials,0.724894,0.526753,11,407,20,65
2023-11-01,xgboost,6,0.6,0.784156,0.215844,Utilities,Information Technology,0.724894,0.50905,11,407,20,56
2023-11-01,xgboost,7,0.7,0.756863,0.243137,Utilities,Materials,0.724894,0.481756,11,407,20,21
2023-11-01,xgboost,8,0.8,0.657311,0.342689,Utilities,Real Estate,0.724894,0.382205,11,407,20,26
2023-11-01,xgboost,9,0.9,0.635907,0.364093,Utilities,Energy,0.724894,0.3608,11,407,20,18
2023-11-01,xgboost,10,1.0,0.587641,0.412359,Utilities,Communication Services,0.724894,0.312535,11,407,20,13
2023-12-01,xgboost,0,0.0,1.0,0.0,Health Care,Health Care,0.641128,0.641128,11,407,54,54
2023-12-01,xgboost,1,0.1,0.997416,0.002584,Health Care,Communication Services,0.641128,0.638543,11,407,54,13
2023-12-01,xgboost,2,0.2,0.974305,0.025695,Health Care,Real Estate,0.641128,0.615432,11,407,54,26
2023-12-01,xgboost,3,0.3,0.950234,0.049766,Health Care,Information Technology,0.641128,0.591362,11,407,54,56
2023-12-01,xgboost,4,0.4,0.862404,0.137596,Health Care,Industrials,0.641128,0.503532,11,407,54,65
2023-12-01,xgboost,5,0.5,0.830137,0.169863,Health Care,Materials,0.641128,0.471264,11,407,54,21
2023-12-01,xgboost,6,0.6,0.806724,0.193276,Health Care,Utilities,0.641128,0.447851,11,407,54,20
2023-12-01,xgboost,7,0.7,0.802733,0.197267,Health Care,Consumer Staples,0.641128,0.44386,11,407,54,28
2023-12-01,xgboost,8,0.8,0.786804,0.213196,Health Care,Consumer Discretionary,0.641128,0.427932,11,407,54,41
2023-12-01,xgboost,9,0.9,0.762214,0.237786,Health Care,Financials,0.641128,0.403341,11,407,54,65
2023-12-01,xgboost,10,1.0,0.719372,0.280628,Health Care,Energy,0.641128,0.3605,11,407,54,18
2024-01-01,xgboost,0,0.0,1.0,0.0,Utilities,Utilities,0.651926,0.651926,11,407,20,20
2024-01-01,xgboost,1,0.1,0.89656,0.10344,Utilities,Information Technology,0.651926,0.548486,11,407,20,56
2024-01-01,xgboost,2,0.2,0.862873,0.137127,Utilities,Consumer Discretionary,0.651926,0.514799,11,407,20,41
2024-01-01,xgboost,3,0.3,0.841973,0.158027,Utilities,Financials,0.651926,0.493899,11,407,20,65
2024-01-01,xgboost,4,0.4,0.840056,0.159944,Utilities,Industrials,0.651926,0.491982,11,407,20,65
2024-01-01,xgboost,5,0.5,0.818547,0.181453,Utilities,Communication Services,0.651926,0.470473,11,407,20,13
2024-01-01,xgboost,6,0.6,0.761528,0.238472,Utilities,Real Estate,0.651926,0.413454,11,407,20,26
2024-01-01,xgboost,7,0.7,0.71996,0.28004,Utilities,Consumer Staples,0.651926,0.371886,11,407,20,28
2024-01-01,xgboost,8,0.8,0.653217,0.346783,Utilities,Health Care,0.651926,0.305144,11,407,20,54
2024-01-01,xgboost,9,0.9,0.62148,0.37852,Utilities,Materials,0.651926,0.273407,11,407,20,21
2024-01-01,xgboost,10,1.0,0.536329,0.463671,Utilities,Energy,0.651926,0.188256,11,407,20,18
2024-02-01,xgboost,0,0.0,1.0,0.0,Energy,Energy,0.754113,0.754113,11,407,18,18
2024-02-01,xgboost,1,0.1,0.772785,0.227215,Energy,Consumer Discretionary,0.754113,0.526898,11,407,18,41
2024-02-01,xgboost,2,0.2,0.754506,0.245494,Energy,Health Care,0.754113,0.508619,11,407,18,54
2024-02-01,xgboost,3,0.3,0.719585,0.280415,Energy,Information Technology,0.754113,0.473697,11,407,18,56
2024-02-01,xgboost,4,0.4,0.718935,0.281065,Energy,Consumer Staples,0.754113,0.473047,11,407,18,28
2024-02-01,xgboost,5,0.5,0.711176,0.288824,Energy,Materials,0.754113,0.465289,11,407,18,21
2024-02-01,xgboost,6,0.6,0.703701,0.296299,Energy,Financials,0.754113,0.457814,11,407,18,65
2024-02-01,xgboost,7,0.7,0.685191,0.314809,Energy,Industrials,0.754113,0.439303,11,407,18,65
2024-02-01,xgboost,8,0.8,0.678374,0.321626,Energy,Communication Services,0.754113,0.432487,11,407,18,13
2024-02-01,xgboost,9,0.9,0.671457,0.328543,Energy,Utilities,0.754113,0.42557,11,407,18,20
2024-02-01,xgboost,10,1.0,0.440826,0.559174,Energy,Real Estate,0.754113,0.194939,11,407,18,26
2024-03-01,xgboost,0,0.0,1.0,0.0,Utilities,Utilities,0.64561,0.64561,11,407,20,20
2024-03-01,xgboost,1,0.1,0.943497,0.056503,Utilities,Communication Services,0.64561,0.589107,11,407,20,13
2024-03-01,xgboost,2,0.2,0.940887,0.059113,Utilities,Consumer Staples,0.64561,0.586497,11,407,20,28
2024-03-01,xgboost,3,0.3,0.929716,0.070284,Utilities,Real Estate,0.64561,0.575326,11,407,20,26
2024-03-01,xgboost,4,0.4,0.901614,0.098386,Utilities,Financials,0.64561,0.547224,11,407,20,65
2024-03-01,xgboost,5,0.5,0.880013,0.119987,Utilities,Consumer Discretionary,0.64561,0.525623,11,407,20,41
2024-03-01,xgboost,6,0.6,0.870238,0.129762,Utilities,Health Care,0.64561,0.515848,11,407,20,54
2024-03-01,xgboost,7,0.7,0.826644,0.173356,Utilities,Information Technology,0.64561,0.472254,11,407,20,56
2024-03-01,xgboost,8,0.8,0.824348,0.175652,Utilities,Materials,0.64561,0.469958,11,407,20,21
2024-03-01,xgboost,9,0.9,0.822143,0.177857,Utilities,Industrials,0.64561,0.467753,11,407,20,65
2024-03-01,xgboost,10,1.0,0.81644,0.18356,Utilities,Energy,0.64561,0.46205,11,407,20,18
2024-04-01,xgboost,0,0.0,1.0,0.0,Energy,Energy,0.831788,0.831788,11,407,18,18
2024-04-01,xgboost,1,0.1,0.867498,0.132502,Energy,Real Estate,0.831788,0.699285,11,407,18,26
2024-04-01,xgboost,2,0.2,0.72427,0.27573,Energy,Information Technology,0.831788,0.556058,11,407,18,56
2024-04-01,xgboost,3,0.3,0.699327,0.300673,Energy,Health Care,0.831788,0.531115,11,407,18,54
2024-04-01,xgboost,4,0.4,0.675519,0.324481,Energy,Communication Services,0.831788,0.507307,11,407,18,13
2024-04-01,xgboost,5,0.5,0.619885,0.380115,Energy,Consumer Staples,0.831788,0.451672,11,407,18,28
2024-04-01,xgboost,6,0.6,0.590698,0.409302,Energy,Consumer Discretionary,0.831788,0.422486,11,407,18,41
2024-04-01,xgboost,7,0.7,0.577189,0.422811,Energy,Industrials,0.831788,0.408977,11,407,18,65
2024-04-01,xgboost,8,0.8,0.548416,0.451584,Energy,Materials,0.831788,0.380204,11,407,18,21
2024-04-01,xgboost,9,0.9,0.530991,0.469009,Energy,Utilities,0.831788,0.362779,11,407,18,20
2024-04-01,xgboost,10,1.0,0.482207,0.517793,Energy,Financials,0.831788,0.313995,11,407,18,65
2024-05-01,xgboost,0,0.0,1.0,0.0,Materials,Materials,0.621055,0.621055,11,407,21,21
2024-05-01,xgboost,1,0.1,0.957574,0.042426,Materials,Energy,0.621055,0.57863,11,407,21,18
2024-05-01,xgboost,2,0.2,0.910751,0.089249,Materials,Real Estate,0.621055,0.531806,11,407,21,26
2024-05-01,xgboost,3,0.3,0.902955,0.097045,Materials,Health Care,0.621055,0.52401,11,407,21,54
2024-05-01,xgboost,4,0.4,0.894136,0.105864,Materials,Consumer Discretionary,0.621055,0.515192,11,407,21,41
2024-05-01,xgboost,5,0.5,0.882711,0.117289,Materials,Utilities,0.621055,0.503767,11,407,21,20
2024-05-01,xgboost,6,0.6,0.876906,0.123094,Materials,Communication Services,0.621055,0.497962,11,407,21,13
2024-05-01,xgboost,7,0.7,0.875447,0.124553,Materials,Industrials,0.621055,0.496502,11,407,21,65
2024-05-01,xgboost,8,0.8,0.86021,0.13979,Materials,Financials,0.621055,0.481266,11,407,21,65
2024-05-01,xgboost,9,0.9,0.793438,0.206562,Materials,Consumer Staples,0.621055,0.414493,11,407,21,28
2024-05-01,xgboost,10,1.0,0.781762,0.218238,Materials,Information Technology,0.621055,0.402817,11,407,21,56
2024-06-03,xgboost,0,0.0,1.0,0.0,Utilities,Utilities,0.630907,0.630907,11,407,20,20
2024-06-03,xgboost,1,0.1,0.949611,0.050389,Utilities,Real Estate,0.630907,0.580518,11,407,20,26
2024-06-03,xgboost,2,0.2,0.860186,0.139814,Utilities,Financials,0.630907,0.491093,11,407,20,65
2024-06-03,xgboost,3,0.3,0.84343,0.15657,Utilities,Industrials,0.630907,0.474337,11,407,20,65
2024-06-03,xgboost,4,0.4,0.83297,0.16703,Utilities,Information Technology,0.630907,0.463878,11,407,20,56
2024-06-03,xgboost,5,0.5,0.807667,0.192333,Utilities,Energy,0.630907,0.438575,11,407,20,18
2024-06-03,xgboost,6,0.6,0.795273,0.204727,Utilities,Communication Services,0.630907,0.426181,11,407,20,13
2024-06-03,xgboost,7,0.7,0.747736,0.252264,Utilities,Materials,0.630907,0.378643,11,407,20,21
2024-06-03,xgboost,8,0.8,0.699409,0.300591,Utilities,Health Care,0.630907,0.330316,11,407,20,54
2024-06-03,xgboost,9,0.9,0.698629,0.301371,Utilities,Consumer Discretionary,0.630907,0.329536,11,407,20,41
2024-06-03,xgboost,10,1.0,0.669384,0.330616,Utilities,Consumer Staples,0.630907,0.300292,11,407,20,28
2024-07-01,xgboost,0,0.0,1.0,0.0,Consumer Discretionary,Consumer Discretionary,0.635184,0.635184,11,407,41,41
2024-07-01,xgboost,1,0.1,0.973301,0.026699,Consumer Discretionary,Consumer Staples,0.635184,0.608486,11,407,41,28
2024-07-01,xgboost,2,0.2,0.965405,0.034595,Consumer Discretionary,Communication Services,0.635184,0.600589,11,407,41,13
2024-07-01,xgboost,3,0.3,0.961892,0.038108,Consumer Discretionary,Health Care,0.635184,0.597077,11,407,41,54
2024-07-01,xgboost,4,0.4,0.94257,0.05743,Consumer Discretionary,Industrials,0.635184,0.577754,11,407,41,65
2024-07-01,xgboost,5,0.5,0.889438,0.110562,Consumer Discretionary,Information Technology,0.635184,0.524623,11,407,41,56
2024-07-01,xgboost,6,0.6,0.887857,0.112143,Consumer Discretionary,Materials,0.635184,0.523042,11,407,41,21
2024-07-01,xgboost,7,0.7,0.881554,0.118446,Consumer Discretionary,Financials,0.635184,0.516738,11,407,41,65
2024-07-01,xgboost,8,0.8,0.830711,0.169289,Consumer Discretionary,Utilities,0.635184,0.465895,11,407,41,20
2024-07-01,xgboost,9,0.9,0.76379,0.23621,Consumer Discretionary,Real Estate,0.635184,0.398974,11,407,41,26
2024-07-01,xgboost,10,1.0,0.625032,0.374968,Consumer Discretionary,Energy,0.635184,0.260216,11,407,41,18
2024-08-01,xgboost,0,0.0,1.0,0.0,Communication Services,Communication Services,0.800211,0.800211,11,407,13,13
2024-08-01,xgboost,1,0.1,0.872753,0.127247,Communication Services,Real Estate,0.800211,0.672965,11,407,13,26
2024-08-01,xgboost,2,0.2,0.805531,0.194469,Communication Services,Utilities,0.800211,0.605742,11,407,13,20
2024-08-01,xgboost,3,0.3,0.749292,0.250708,Communication Services,Information Technology,0.800211,0.549503,11,407,13,56
2024-08-01,xgboost,4,0.4,0.729333,0.270667,Communication Services,Financials,0.800211,0.529545,11,407,13,65
2024-08-01,xgboost,5,0.5,0.718957,0.281043,Communication Services,Industrials,0.800211,0.519169,11,407,13,65
2024-08-01,xgboost,6,0.6,0.695364,0.304636,Communication Services,Energy,0.800211,0.495575,11,407,13,18
2024-08-01,xgboost,7,0.7,0.677438,0.322562,Communication Services,Health Care,0.800211,0.477649,11,407,13,54
2024-08-01,xgboost,8,0.8,0.622863,0.377137,Communication Services,Materials,0.800211,0.423074,11,407,13,21
2024-08-01,xgboost,9,0.9,0.611858,0.388142,Communication Services,Consumer Discretionary,0.800211,0.412069,11,407,13,41
2024-08-01,xgboost,10,1.0,0.571705,0.428295,Communication Services,Consumer Staples,0.800211,0.371917,11,407,13,28
2024-09-02,xgboost,0,0.0,1.0,0.0,Consumer Discretionary,Consumer Discretionary,0.644813,0.644813,11,407,41,41
2024-09-02,xgboost,1,0.1,0.999139,0.000861,Consumer Discretionary,Health Care,0.644813,0.643952,11,407,41,54
2024-09-02,xgboost,2,0.2,0.970028,0.029972,Consumer Discretionary,Consumer Staples,0.644813,0.614841,11,407,41,28
2024-09-02,xgboost,3,0.3,0.968248,0.031752,Consumer Discretionary,Communication Services,0.644813,0.613061,11,407,41,13
2024-09-02,xgboost,4,0.4,0.957478,0.042522,Consumer Discretionary,Utilities,0.644813,0.602291,11,407,41,20
2024-09-02,xgboost,5,0.5,0.933238,0.066762,Consumer Discretionary,Information Technology,0.644813,0.578051,11,407,41,56
2024-09-02,xgboost,6,0.6,0.926501,0.073499,Consumer Discretionary,Energy,0.644813,0.571314,11,407,41,18
2024-09-02,xgboost,7,0.7,0.906005,0.093995,Consumer Discretionary,Industrials,0.644813,0.550818,11,407,41,65
2024-09-02,xgboost,8,0.8,0.90481,0.09519,Consumer Discretionary,Financials,0.644813,0.549623,11,407,41,65
2024-09-02,xgboost,9,0.9,0.820329,0.179671,Consumer Discretionary,Materials,0.644813,0.465142,11,407,41,21
2024-09-02,xgboost,10,1.0,0.772861,0.227139,Consumer Discretionary,Real Estate,0.644813,0.417674,11,407,41,26
2024-10-01,xgboost,0,0.0,1.0,0.0,Materials,Materials,0.663401,0.663401,11,407,21,21
2024-10-01,xgboost,1,0.1,0.988143,0.011857,Materials,Communication Services,0.663401,0.651544,11,407,21,13
2024-10-01,xgboost,2,0.2,0.916707,0.083293,Materials,Health Care,0.663401,0.580108,11,407,21,54
2024-10-01,xgboost,3,0.3,0.850191,0.149809,Materials,Information Technology,0.663401,0.513592,11,407,21,56
2024-10-01,xgboost,4,0.4,0.825018,0.174982,Materials,Consumer Discretionary,0.663401,0.488419,11,407,21,41
2024-10-01,xgboost,5,0.5,0.800437,0.199563,Materials,Financials,0.663401,0.463838,11,407,21,65
2024-10-01,xgboost,6,0.6,0.76529,0.23471,Materials,Industrials,0.663401,0.428691,11,407,21,65
2024-10-01,xgboost,7,0.7,0.751301,0.248699,Materials,Real Estate,0.663401,0.414701,11,407,21,26
2024-10-01,xgboost,8,0.8,0.713484,0.286516,Materials,Consumer Staples,0.663401,0.376885,11,407,21,28
2024-10-01,xgboost,9,0.9,0.701502,0.298498,Materials,Utilities,0.663401,0.364903,11,407,21,20
2024-10-01,xgboost,10,1.0,0.636067,0.363933,Materials,Energy,0.663401,0.299468,11,407,21,18
2024-11-01,xgboost,0,0.0,1.0,0.0,Utilities,Utilities,0.704135,0.704135,11,407,20,20
2024-11-01,xgboost,1,0.1,0.870854,0.129146,Utilities,Real Estate,0.704135,0.574989,11,407,20,26
2024-11-01,xgboost,2,0.2,0.822298,0.177702,Utilities,Consumer Staples,0.704135,0.526434,11,407,20,28
2024-11-01,xgboost,3,0.3,0.785104,0.214896,Utilities,Information Technology,0.704135,0.48924,11,407,20,56
2024-11-01,xgboost,4,0.4,0.768208,0.231792,Utilities,Health Care,0.704135,0.472344,11,407,20,54
2024-11-01,xgboost,5,0.5,0.701677,0.298323,Utilities,Consumer Discretionary,0.704135,0.405813,11,407,20,41
2024-11-01,xgboost,6,0.6,0.696253,0.303747,Utilities,Communication Services,0.704135,0.400388,11,407,20,13
2024-11-01,xgboost,7,0.7,0.680268,0.319732,Utilities,Materials,0.704135,0.384404,11,407,20,21
2024-11-01,xgboost,8,0.8,0.667831,0.332169,Utilities,Industrials,0.704135,0.371966,11,407,20,65
2024-11-01,xgboost,9,0.9,0.650219,0.349781,Utilities,Energy,0.704135,0.354354,11,407,20,18
2024-11-01,xgboost,10,1.0,0.634402,0.365598,Utilities,Financials,0.704135,0.338538,11,407,20,65
2024-12-02,xgboost,0,0.0,1.0,0.0,Financials,Financials,0.643423,0.643423,11,407,65,65
2024-12-02,xgboost,1,0.1,0.991686,0.008314,Financials,Materials,0.643423,0.635109,11,407,65,21
2024-12-02,xgboost,2,0.2,0.986318,0.013682,Financials,Information Technology,0.643423,0.629741,11,407,65,56
2024-12-02,xgboost,3,0.3,0.976117,0.023883,Financials,Real Estate,0.643423,0.619541,11,407,65,26
2024-12-02,xgboost,4,0.4,0.959392,0.040608,Financials,Energy,0.643423,0.602815,11,407,65,18
2024-12-02,xgboost,5,0.5,0.918529,0.081471,Financials,Utilities,0.643423,0.561952,11,407,65,20
2024-12-02,xgboost,6,0.6,0.889394,0.110606,Financials,Industrials,0.643423,0.532817,11,407,65,65
2024-12-02,xgboost,7,0.7,0.84856,0.15144,Financials,Consumer Staples,0.643423,0.491983,11,407,65,28
2024-12-02,xgboost,8,0.8,0.836783,0.163217,Financials,Health Care,0.643423,0.480206,11,407,65,54
2024-12-02,xgboost,9,0.9,0.729318,0.270682,Financials,Consumer Discretionary,0.643423,0.372741,11,407,65,41
2024-12-02,xgboost,10,1.0,0.688543,0.311457,Financials,Communication Services,0.643423,0.331966,11,407,65,13
2025-01-01,xgboost,0,0.0,1.0,0.0,Energy,Energy,0.621028,0.621028,11,407,18,18
2025-01-01,xgboost,1,0.1,0.95243,0.04757,Energy,Consumer Discretionary,0.621028,0.573457,11,407,18,41
2025-01-01,xgboost,2,0.2,0.945447,0.054553,Energy,Utilities,0.621028,0.566475,11,407,18,20
2025-01-01,xgboost,3,0.3,0.942917,0.057083,Energy,Health Care,0.621028,0.563945,11,407,18,54
2025-01-01,xgboost,4,0.4,0.91457,0.08543,Energy,Information Technology,0.621028,0.535598,11,407,18,56
2025-01-01,xgboost,5,0.5,0.86955,0.13045,Energy,Industrials,0.621028,0.490578,11,407,18,65
2025-01-01,xgboost,6,0.6,0.864039,0.135961,Energy,Materials,0.621028,0.485066,11,407,18,21
2025-01-01,xgboost,7,0.7,0.858384,0.141616,Energy,Financials,0.621028,0.479412,11,407,18,65
2025-01-01,xgboost,8,0.8,0.80567,0.19433,Energy,Real Estate,0.621028,0.426698,11,407,18,26
2025-01-01,xgboost,9,0.9,0.715955,0.284045,Energy,Consumer Staples,0.621028,0.336983,11,407,18,28
2025-01-01,xgboost,10,1.0,0.627893,0.372107,Energy,Communication Services,0.621028,0.24892,11,407,18,13
2025-02-03,xgboost,0,0.0,1.0,0.0,Consumer Discretionary,Consumer Discretionary,0.738093,0.738093,11,407,41,41
2025-02-03,xgboost,1,0.1,0.996538,0.003462,Consumer Discretionary,Communication Services,0.738093,0.734631,11,407,41,13
2025-02-03,xgboost,2,0.2,0.883801,0.116199,Consumer Discretionary,Energy,0.738093,0.621894,11,407,41,18
2025-02-03,xgboost,3,0.3,0.848183,0.151817,Consumer Discretionary,Real Estate,0.738093,0.586276,11,407,41,26
2025-02-03,xgboost,4,0.4,0.84663,0.15337,Consumer Discretionary,Utilities,0.738093,0.584723,11,407,41,20
2025-02-03,xgboost,5,0.5,0.792736,0.207264,Consumer Discretionary,Financials,0.738093,0.530829,11,407,41,65
2025-02-03,xgboost,6,0.6,0.789433,0.210567,Consumer Discretionary,Information Technology,0.738093,0.527526,11,407,41,56
2025-02-03,xgboost,7,0.7,0.750209,0.249791,Consumer Discretionary,Materials,0.738093,0.488302,11,407,41,21
2025-02-03,xgboost,8,0.8,0.734963,0.265037,Consumer Discretionary,Consumer Staples,0.738093,0.473056,11,407,41,28
2025-02-03,xgboost,9,0.9,0.732051,0.267949,Consumer Discretionary,Health Care,0.738093,0.470144,11,407,41,54
2025-02-03,xgboost,10,1.0,0.670854,0.329146,Consumer Discretionary,Industrials,0.738093,0.408947,11,407,41,65
2025-03-03,xgboost,0,0.0,1.0,0.0,Utilities,Utilities,0.635643,0.635643,11,407,20,20
2025-03-03,xgboost,1,0.1,0.977551,0.022449,Utilities,Materials,0.635643,0.613194,11,407,20,21
2025-03-03,xgboost,2,0.2,0.932895,0.067105,Utilities,Industrials,0.635643,0.568538,11,407,20,65
2025-03-03,xgboost,3,0.3,0.899329,0.100671,Utilities,Information Technology,0.635643,0.534972,11,407,20,56
2025-03-03,xgboost,4,0.4,0.892174,0.107826,Utilities,Real Estate,0.635643,0.527817,11,407,20,26
2025-03-03,xgboost,5,0.5,0.879156,0.120844,Utilities,Communication Services,0.635643,0.514799,11,407,20,13
2025-03-03,xgboost,6,0.6,0.87809,0.12191,Utilities,Consumer Staples,0.635643,0.513733,11,407,20,28
2025-03-03,xgboost,7,0.7,0.7977,0.2023,Utilities,Health Care,0.635643,0.433343,11,407,20,54
2025-03-03,xgboost,8,0.8,0.769616,0.230384,Utilities,Consumer Discretionary,0.635643,0.405259,11,407,20,41
2025-03-03,xgboost,9,0.9,0.768246,0.231754,Utilities,Financials,0.635643,0.403889,11,407,20,65
2025-03-03,xgboost,10,1.0,0.713728,0.286272,Utilities,Energy,0.635643,0.349372,11,407,20,18
2025-04-01,xgboost,0,0.0,1.0,0.0,Materials,Materials,0.580185,0.580185,11,407,21,21
2025-04-01,xgboost,1,0.1,0.976288,0.023712,Materials,Information Technology,0.580185,0.556473,11,407,21,56
2025-04-01,xgboost,2,0.2,0.935653,0.064347,Materials,Consumer Discretionary,0.580185,0.515838,11,407,21,41
2025-04-01,xgboost,3,0.3,0.915039,0.084961,Materials,Industrials,0.580185,0.495224,11,407,21,65
2025-04-01,xgboost,4,0.4,0.865536,0.134464,Materials,Health Care,0.580185,0.445721,11,407,21,54
2025-04-01,xgboost,5,0.5,0.822544,0.177456,Materials,Communication Services,0.580185,0.402729,11,407,21,13
2025-04-01,xgboost,6,0.6,0.799515,0.200485,Materials,Utilities,0.580185,0.3797,11,407,21,20
2025-04-01,xgboost,7,0.7,0.777601,0.222399,Materials,Consumer Staples,0.580185,0.357786,11,407,21,28
2025-04-01,xgboost,8,0.8,0.77117,0.22883,Materials,Financials,0.580185,0.351355,11,407,21,65
2025-04-01,xgboost,9,0.9,0.760898,0.239102,Materials,Energy,0.580185,0.341082,11,407,21,18
2025-04-01,xgboost,10,1.0,0.733497,0.266503,Materials,Real Estate,0.580185,0.313682,11,407,21,26
2025-05-01,xgboost,0,0.0,1.0,0.0,Materials,Materials,0.680389,0.680389,11,407,21,21
2025-05-01,xgboost,1,0.1,0.972521,0.027479,Materials,Consumer Discretionary,0.680389,0.652911,11,407,21,41
2025-05-01,xgboost,2,0.2,0.908993,0.091007,Materials,Information Technology,0.680389,0.589382,11,407,21,56
2025-05-01,xgboost,3,0.3,0.902795,0.097205,Materials,Energy,0.680389,0.583184,11,407,21,18
2025-05-01,xgboost,4,0.4,0.887313,0.112687,Materials,Industrials,0.680389,0.567702,11,407,21,65
2025-05-01,xgboost,5,0.5,0.849986,0.150014,Materials,Health Care,0.680389,0.530375,11,407,21,54
2025-05-01,xgboost,6,0.6,0.849688,0.150312,Materials,Utilities,0.680389,0.530078,11,407,21,20
2025-05-01,xgboost,7,0.7,0.847691,0.152309,Materials,Financials,0.680389,0.52808,11,407,21,65
2025-05-01,xgboost,8,0.8,0.770786,0.229214,Materials,Communication Services,0.680389,0.451175,11,407,21,13
2025-05-01,xgboost,9,0.9,0.747527,0.252473,Materials,Consumer Staples,0.680389,0.427916,11,407,21,28
2025-05-01,xgboost,10,1.0,0.74302,0.25698,Materials,Real Estate,0.680389,0.423409,11,407,21,26
2025-06-02,xgboost,0,0.0,1.0,0.0,Communication Services,Communication Services,0.619463,0.619463,11,407,13,13
2025-06-02,xgboost,1,0.1,0.999824,0.000176,Communication Services,Health Care,0.619463,0.619288,11,407,13,54
2025-06-02,xgboost,2,0.2,0.987209,0.012791,Communication Services,Consumer Discretionary,0.619463,0.606673,11,407,13,41
2025-06-02,xgboost,3,0.3,0.958702,0.041298,Communication Services,Materials,0.619463,0.578166,11,407,13,21
2025-06-02,xgboost,4,0.4,0.934126,0.065874,Communication Services,Energy,0.619463,0.55359,11,407,13,18
2025-06-02,xgboost,5,0.5,0.899469,0.100531,Communication Services,Industrials,0.619463,0.518932,11,407,13,65
2025-06-02,xgboost,6,0.6,0.889384,0.110616,Communication Services,Utilities,0.619463,0.508847,11,407,13,20
2025-06-02,xgboost,7,0.7,0.842352,0.157648,Communication Services,Information Technology,0.619463,0.461816,11,407,13,56
2025-06-02,xgboost,8,0.8,0.835403,0.164597,Communication Services,Real Estate,0.619463,0.454867,11,407,13,26
2025-06-02,xgboost,9,0.9,0.732511,0.267489,Communication Services,Financials,0.619463,0.351974,11,407,13,65
2025-06-02,xgboost,10,1.0,0.704352,0.295648,Communication Services,Consumer Staples,0.619463,0.323815,11,407,13,28
2025-07-01,xgboost,0,0.0,1.0,0.0,Communication Services,Communication Services,0.822581,0.822581,11,407,13,13
2025-07-01,xgboost,1,0.1,0.861564,0.138436,Communication Services,Energy,0.822581,0.684145,11,407,13,18
2025-07-01,xgboost,2,0.2,0.79073,0.20927,Communication Services,Information Technology,0.822581,0.61331,11,407,13,56
2025-07-01,xgboost,3,0.3,0.714169,0.285831,Communication Services,Consumer Discretionary,0.822581,0.53675,11,407,13,41
2025-07-01,xgboost,4,0.4,0.709961,0.290039,Communication Services,Materials,0.822581,0.532542,11,407,13,21
2025-07-01,xgboost,5,0.5,0.674101,0.325899,Communication Services,Utilities,0.822581,0.496681,11,407,13,20
2025-07-01,xgboost,6,0.6,0.624277,0.375723,Communication Services,Health Care,0.822581,0.446858,11,407,13,54
2025-07-01,xgboost,7,0.7,0.612675,0.387325,Communication Services,Real Estate,0.822581,0.435255,11,407,13,26
2025-07-01,xgboost,8,0.8,0.563131,0.436869,Communication Services,Industrials,0.822581,0.385711,11,407,13,65
2025-07-01,xgboost,9,0.9,0.528936,0.471064,Communication Services,Financials,0.822581,0.351517,11,407,13,65
2025-07-01,xgboost,10,1.0,0.475457,0.524543,Communication Services,Consumer Staples,0.822581,0.298037,11,407,13,28
2025-08-01,xgboost,0,0.0,1.0,0.0,Communication Services,Communication Services,0.769271,0.769271,11,407,13,13
2025-08-01,xgboost,1,0.1,0.906438,0.093562,Communication Services,Real Estate,0.769271,0.675709,11,407,13,26
2025-08-01,xgboost,2,0.2,0.876439,0.123561,Communication Services,Consumer Discretionary,0.769271,0.64571,11,407,13,41
2025-08-01,xgboost,3,0.3,0.856314,0.143686,Communication Services,Industrials,0.769271,0.625585,11,407,13,65
2025-08-01,xgboost,4,0.4,0.849966,0.150034,Communication Services,Information Technology,0.769271,0.619237,11,407,13,56
2025-08-01,xgboost,5,0.5,0.836118,0.163882,Communication Services,Energy,0.769271,0.605388,11,407,13,18
2025-08-01,xgboost,6,0.6,0.823635,0.176365,Communication Services,Utilities,0.769271,0.592906,11,407,13,20
2025-08-01,xgboost,7,0.7,0.803957,0.196043,Communication Services,Consumer Staples,0.769271,0.573228,11,407,13,28
2025-08-01,xgboost,8,0.8,0.765027,0.234973,Communication Services,Financials,0.769271,0.534298,11,407,13,65
2025-08-01,xgboost,9,0.9,0.680921,0.319079,Communication Services,Health Care,0.769271,0.450192,11,407,13,54
2025-08-01,xgboost,10,1.0,0.366598,0.633402,Communication Services,Materials,0.769271,0.135869,11,407,13,21
2025-09-01,xgboost,0,0.0,1.0,0.0,Utilities,Utilities,0.587947,0.587947,11,407,20,20
2025-09-01,xgboost,1,0.1,0.958485,0.041515,Utilities,Consumer Discretionary,0.587947,0.546432,11,407,20,41
2025-09-01,xgboost,2,0.2,0.953045,0.046955,Utilities,Energy,0.587947,0.540991,11,407,20,18
2025-09-01,xgboost,3,0.3,0.939436,0.060564,Utilities,Communication Services,0.587947,0.527382,11,407,20,13
2025-09-01,xgboost,4,0.4,0.932271,0.067729,Utilities,Financials,0.587947,0.520217,11,407,20,65
2025-09-01,xgboost,5,0.5,0.921475,0.078525,Utilities,Health Care,0.587947,0.509422,11,407,20,54
2025-09-01,xgboost,6,0.6,0.917922,0.082078,Utilities,Real Estate,0.587947,0.505868,11,407,20,26
2025-09-01,xgboost,7,0.7,0.902464,0.097536,Utilities,Information Technology,0.587947,0.49041,11,407,20,56
2025-09-01,xgboost,8,0.8,0.899089,0.100911,Utilities,Materials,0.587947,0.487036,11,407,20,21
2025-09-01,xgboost,9,0.9,0.879583,0.120417,Utilities,Industrials,0.587947,0.46753,11,407,20,65
2025-09-01,xgboost,10,1.0,0.7906,0.2094,Utilities,Consumer Staples,0.587947,0.378547,11,407,20,28
2025-10-01,xgboost,0,0.0,1.0,0.0,Health Care,Health Care,0.513775,0.513775,11,407,54,54
2025-10-01,xgboost,1,0.1,0.951827,0.048173,Health Care,Consumer Staples,0.513775,0.465602,11,407,54,28
2025-10-01,xgboost,2,0.2,0.908569,0.091431,Health Care,Financials,0.513775,0.422344,11,407,54,65
2025-10-01,xgboost,3,0.3,0.900866,0.099134,Health Care,Energy,0.513775,0.414641,11,407,54,18
2025-10-01,xgboost,4,0.4,0.89434,0.10566,Health Care,Materials,0.513775,0.408115,11,407,54,21
2025-10-01,xgboost,5,0.5,0.888116,0.111884,Health Care,Utilities,0.513775,0.401891,11,407,54,20
2025-10-01,xgboost,6,0.6,0.879016,0.120984,Health Care,Consumer Discretionary,0.513775,0.392791,11,407,54,41
2025-10-01,xgboost,7,0.7,0.876956,0.123044,Health Care,Industrials,0.513775,0.39073,11,407,54,65
2025-10-01,xgboost,8,0.8,0.860914,0.139086,Health Care,Information Technology,0.513775,0.374689,11,407,54,56
2025-10-01,xgboost,9,0.9,0.84685,0.15315,Health Care,Communication Services,0.513775,0.360625,11,407,54,13
2025-10-01,xgboost,10,1.0,0.735235,0.264765,Health Care,Real Estate,0.513775,0.24901,11,407,54,26
2025-11-03,xgboost,0,0.0,1.0,0.0,Energy,Energy,0.797156,0.797156,11,407,18,18
2025-11-03,xgboost,1,0.1,0.821571,0.178429,Energy,Financials,0.797156,0.618727,11,407,18,65
2025-11-03,xgboost,2,0.2,0.781785,0.218215,Energy,Consumer Staples,0.797156,0.578941,11,407,18,28
2025-11-03,xgboost,3,0.3,0.767436,0.232564,Energy,Information Technology,0.797156,0.564592,11,407,18,56
2025-11-03,xgboost,4,0.4,0.711852,0.288148,Energy,Industrials,0.797156,0.509008,11,407,18,65
2025-11-03,xgboost,5,0.5,0.703965,0.296035,Energy,Real Estate,0.797156,0.501121,11,407,18,26
2025-11-03,xgboost,6,0.6,0.70314,0.29686,Energy,Communication Services,0.797156,0.500296,11,407,18,13
2025-11-03,xgboost,7,0.7,0.649996,0.350004,Energy,Utilities,0.797156,0.447152,11,407,18,20
2025-11-03,xgboost,8,0.8,0.619497,0.380503,Energy,Consumer Discretionary,0.797156,0.416653,11,407,18,41
2025-11-03,xgboost,9,0.9,0.597207,0.402793,Energy,Health Care,0.797156,0.394363,11,407,18,54
2025-11-03,xgboost,10,1.0,0.574122,0.425878,Energy,Materials,0.797156,0.371278,11,407,18,21
2025-12-01,xgboost,0,0.0,1.0,0.0,Financials,Financials,0.662483,0.662483,11,407,65,65
2025-12-01,xgboost,1,0.1,0.987853,0.012147,Financials,Communication Services,0.662483,0.650336,11,407,65,13
2025-12-01,xgboost,2,0.2,0.902077,0.097923,Financials,Health Care,0.662483,0.56456,11,407,65,54
2025-12-01,xgboost,3,0.3,0.888664,0.111336,Financials,Energy,0.662483,0.551147,11,407,65,18
2025-12-01,xgboost,4,0.4,0.870086,0.129914,Financials,Information Technology,0.662483,0.532569,11,407,65,56
2025-12-01,xgboost,5,0.5,0.813936,0.186064,Financials,Industrials,0.662483,0.476419,11,407,65,65
2025-12-01,xgboost,6,0.6,0.807181,0.192819,Financials,Real Estate,0.662483,0.469664,11,407,65,26
2025-12-01,xgboost,7,0.7,0.758061,0.241939,Financials,Consumer Staples,0.662483,0.420543,11,407,65,28
2025-12-01,xgboost,8,0.8,0.69459,0.30541,Financials,Consumer Discretionary,0.662483,0.357072,11,407,65,41
2025-12-01,xgboost,9,0.9,0.688858,0.311142,Financials,Materials,0.662483,0.35134,11,407,65,21
2025-12-01,xgboost,10,1.0,0.669932,0.330068,Financials,Utilities,0.662483,0.332415,11,407,65,20
2023-01-02,mlp,0,0.0,1.0,0.0,Consumer Discretionary,Consumer Discretionary,0.693058,0.693058,11,407,41,41
2023-01-02,mlp,1,0.1,0.942994,0.057006,Consumer Discretionary,Materials,0.693058,0.636052,11,407,41,21
2023-01-02,mlp,2,0.2,0.918723,0.081277,Consumer Discretionary,Real Estate,0.693058,0.611782,11,407,41,26
2023-01-02,mlp,3,0.3,0.913761,0.086239,Consumer Discretionary,Industrials,0.693058,0.606819,11,407,41,65
2023-01-02,mlp,4,0.4,0.852854,0.147146,Consumer Discretionary,Health Care,0.693058,0.545912,11,407,41,54
2023-01-02,mlp,5,0.5,0.836323,0.163677,Consumer Discretionary,Utilities,0.693058,0.529381,11,407,41,20
2023-01-02,mlp,6,0.6,0.828423,0.171577,Consumer Discretionary,Financials,0.693058,0.521481,11,407,41,65
2023-01-02,mlp,7,0.7,0.801998,0.198002,Consumer Discretionary,Information Technology,0.693058,0.495056,11,407,41,56
2023-01-02,mlp,8,0.8,0.77583,0.22417,Consumer Discretionary,Communication Services,0.693058,0.468889,11,407,41,13
2023-01-02,mlp,9,0.9,0.697391,0.302609,Consumer Discretionary,Consumer Staples,0.693058,0.390449,11,407,41,28
2023-01-02,mlp,10,1.0,0.556442,0.443558,Consumer Discretionary,Energy,0.693058,0.249501,11,407,41,18
2023-02-01,mlp,0,0.0,1.0,0.0,Financials,Financials,0.704492,0.704492,11,407,65,65
2023-02-01,mlp,1,0.1,0.904237,0.095763,Financials,Consumer Staples,0.704492,0.60873,11,407,65,28
2023-02-01,mlp,2,0.2,0.872374,0.127626,Financials,Consumer Discretionary,0.704492,0.576866,11,407,65,41
2023-02-01,mlp,3,0.3,0.870689,0.129311,Financials,Energy,0.704492,0.575182,11,407,65,18
2023-02-01,mlp,4,0.4,0.846915,0.153085,Financials,Materials,0.704492,0.551408,11,407,65,21
2023-02-01,mlp,5,0.5,0.819758,0.180242,Financials,Utilities,0.704492,0.52425,11,407,65,20
2023-02-01,mlp,6,0.6,0.786255,0.213745,Financials,Industrials,0.704492,0.490747,11,407,65,65
2023-02-01,mlp,7,0.7,0.765379,0.234621,Financials,Health Care,0.704492,0.469871,11,407,65,54
2023-02-01,mlp,8,0.8,0.73631,0.26369,Financials,Information Technology,0.704492,0.440803,11,407,65,56
2023-02-01,mlp,9,0.9,0.646281,0.353719,Financials,Real Estate,0.704492,0.350773,11,407,65,26
2023-02-01,mlp,10,1.0,0.573441,0.426559,Financials,Communication Services,0.704492,0.277934,11,407,65,13
2023-03-01,mlp,0,0.0,1.0,0.0,Communication Services,Communication Services,0.650352,0.650352,11,407,13,13
2023-03-01,mlp,1,0.1,0.964536,0.035464,Communication Services,Energy,0.650352,0.614888,11,407,13,18
2023-03-01,mlp,2,0.2,0.918047,0.081953,Communication Services,Utilities,0.650352,0.568399,11,407,13,20
2023-03-01,mlp,3,0.3,0.913338,0.086662,Communication Services,Real Estate,0.650352,0.56369,11,407,13,26
2023-03-01,mlp,4,0.4,0.862475,0.137525,Communication Services,Health Care,0.650352,0.512827,11,407,13,54
2023-03-01,mlp,5,0.5,0.856414,0.143586,Communication Services,Consumer Staples,0.650352,0.506766,11,407,13,28
2023-03-01,mlp,6,0.6,0.852815,0.147185,Communication Services,Materials,0.650352,0.503167,11,407,13,21
2023-03-01,mlp,7,0.7,0.823987,0.176013,Communication Services,Financials,0.650352,0.474339,11,407,13,65
2023-03-01,mlp,8,0.8,0.776073,0.223927,Communication Services,Industrials,0.650352,0.426425,11,407,13,65
2023-03-01,mlp,9,0.9,0.724907,0.275093,Communication Services,Consumer Discretionary,0.650352,0.375259,11,407,13,41
2023-03-01,mlp,10,1.0,0.637698,0.362302,Communication Services,Information Technology,0.650352,0.28805,11,407,13,56
2023-04-03,mlp,0,0.0,1.0,0.0,Industrials,Industrials,0.561209,0.561209,11,407,65,65
2023-04-03,mlp,1,0.1,0.997586,0.002414,Industrials,Communication Services,0.561209,0.558794,11,407,65,13
2023-04-03,mlp,2,0.2,0.977733,0.022267,Industrials,Financials,0.561209,0.538942,11,407,65,65
2023-04-03,mlp,3,0.3,0.962471,0.037529,Industrials,Real Estate,0.561209,0.52368,11,407,65,26
2023-04-03,mlp,4,0.4,0.937121,0.062879,Industrials,Energy,0.561209,0.49833,11,407,65,18
2023-04-03,mlp,5,0.5,0.892742,0.107258,Industrials,Materials,0.561209,0.45395,11,407,65,21
2023-04-03,mlp,6,0.6,0.88762,0.11238,Industrials,Consumer Staples,0.561209,0.448829,11,407,65,28
2023-04-03,mlp,7,0.7,0.855037,0.144963,Industrials,Utilities,0.561209,0.416245,11,407,65,20
2023-04-03,mlp,8,0.8,0.853328,0.146672,Industrials,Information Technology,0.561209,0.414537,11,407,65,56
2023-04-03,mlp,9,0.9,0.817003,0.182997,Industrials,Health Care,0.561209,0.378212,11,407,65,54
2023-04-03,mlp,10,1.0,0.745595,0.254405,Industrials,Consumer Discretionary,0.561209,0.306803,11,407,65,41
2023-05-01,mlp,0,0.0,1.0,0.0,Utilities,Utilities,0.634561,0.634561,11,407,20,20
2023-05-01,mlp,1,0.1,0.950464,0.049536,Utilities,Consumer Staples,0.634561,0.585025,11,407,20,28
2023-05-01,mlp,2,0.2,0.940084,0.059916,Utilities,Communication Services,0.634561,0.574645,11,407,20,13
2023-05-01,mlp,3,0.3,0.910155,0.089845,Utilities,Consumer Discretionary,0.634561,0.544717,11,407,20,41
2023-05-01,mlp,4,0.4,0.904125,0.095875,Utilities,Industrials,0.634561,0.538687,11,407,20,65
2023-05-01,mlp,5,0.5,0.891603,0.108397,Utilities,Information Technology,0.634561,0.526165,11,407,20,56
2023-05-01,mlp,6,0.6,0.867581,0.132419,Utilities,Materials,0.634561,0.502142,11,407,20,21
2023-05-01,mlp,7,0.7,0.849744,0.150256,Utilities,Energy,0.634561,0.484306,11,407,20,18
2023-05-01,mlp,8,0.8,0.793674,0.206326,Utilities,Financials,0.634561,0.428235,11,407,20,65
2023-05-01,mlp,9,0.9,0.729763,0.270237,Utilities,Health Care,0.634561,0.364324,11,407,20,54
2023-05-01,mlp,10,1.0,0.710828,0.289172,Utilities,Real Estate,0.634561,0.345389,11,407,20,26
2023-06-01,mlp,0,0.0,1.0,0.0,Energy,Energy,0.615682,0.615682,11,407,18,18
2023-06-01,mlp,1,0.1,0.997884,0.002116,Energy,Industrials,0.615682,0.613566,11,407,18,65
2023-06-01,mlp,2,0.2,0.957397,0.042603,Energy,Consumer Discretionary,0.615682,0.573079,11,407,18,41
2023-06-01,mlp,3,0.3,0.931189,0.068811,Energy,Financials,0.615682,0.546871,11,407,18,65
2023-06-01,mlp,4,0.4,0.929763,0.070237,Energy,Communication Services,0.615682,0.545445,11,407,18,13
2023-06-01,mlp,5,0.5,0.86578,0.13422,Energy,Information Technology,0.615682,0.481462,11,407,18,56
2023-06-01,mlp,6,0.6,0.849098,0.150902,Energy,Materials,0.615682,0.46478,11,407,18,21
2023-06-01,mlp,7,0.7,0.819869,0.180131,Energy,Real Estate,0.615682,0.435551,11,407,18,26
2023-06-01,mlp,8,0.8,0.810329,0.189671,Energy,Consumer Staples,0.615682,0.426011,11,407,18,28
2023-06-01,mlp,9,0.9,0.806375,0.193625,Energy,Health Care,0.615682,0.422057,11,407,18,54
2023-06-01,mlp,10,1.0,0.79994,0.20006,Energy,Utilities,0.615682,0.415622,11,407,18,20
2023-07-03,mlp,0,0.0,1.0,0.0,Materials,Materials,0.701089,0.701089,11,407,21,21
2023-07-03,mlp,1,0.1,0.902822,0.097178,Materials,Health Care,0.701089,0.603911,11,407,21,54
2023-07-03,mlp,2,0.2,0.899394,0.100606,Materials,Industrials,0.701089,0.600483,11,407,21,65
2023-07-03,mlp,3,0.3,0.879849,0.120151,Materials,Energy,0.701089,0.580938,11,407,21,18
2023-07-03,mlp,4,0.4,0.871414,0.128586,Materials,Consumer Staples,0.701089,0.572503,11,407,21,28
2023-07-03,mlp,5,0.5,0.845104,0.154896,Materials,Utilities,0.701089,0.546193,11,407,21,20
2023-07-03,mlp,6,0.6,0.83194,0.16806,Materials,Consumer Discretionary,0.701089,0.533029,11,407,21,41
2023-07-03,mlp,7,0.7,0.829067,0.170933,Materials,Financials,0.701089,0.530156,11,407,21,65
2023-07-03,mlp,8,0.8,0.807849,0.192151,Materials,Information Technology,0.701089,0.508938,11,407,21,56
2023-07-03,mlp,9,0.9,0.781851,0.218149,Materials,Real Estate,0.701089,0.482939,11,407,21,26
2023-07-03,mlp,10,1.0,0.766688,0.233312,Materials,Communication Services,0.701089,0.467777,11,407,21,13
2023-08-01,mlp,0,0.0,1.0,0.0,Energy,Energy,0.702632,0.702632,11,407,18,18
2023-08-01,mlp,1,0.1,0.939725,0.060275,Energy,Real Estate,0.702632,0.642357,11,407,18,26
2023-08-01,mlp,2,0.2,0.875365,0.124635,Energy,Financials,0.702632,0.577997,11,407,18,65
2023-08-01,mlp,3,0.3,0.86851,0.13149,Energy,Information Technology,0.702632,0.571142,11,407,18,56
2023-08-01,mlp,4,0.4,0.847479,0.152521,Energy,Industrials,0.702632,0.550111,11,407,18,65
2023-08-01,mlp,5,0.5,0.822951,0.177049,Energy,Materials,0.702632,0.525583,11,407,18,21
2023-08-01,mlp,6,0.6,0.818166,0.181834,Energy,Consumer Staples,0.702632,0.520798,11,407,18,28
2023-08-01,mlp,7,0.7,0.737769,0.262231,Energy,Health Care,0.702632,0.440401,11,407,18,54
2023-08-01,mlp,8,0.8,0.706847,0.293153,Energy,Consumer Discretionary,0.702632,0.409479,11,407,18,41
2023-08-01,mlp,9,0.9,0.669287,0.330713,Energy,Utilities,0.702632,0.371919,11,407,18,20
2023-08-01,mlp,10,1.0,0.54361,0.45639,Energy,Communication Services,0.702632,0.246242,11,407,18,13
2023-09-01,mlp,0,0.0,1.0,0.0,Consumer Staples,Consumer Staples,0.721103,0.721103,11,407,28,28
2023-09-01,mlp,1,0.1,0.921615,0.078385,Consumer Staples,Energy,0.721103,0.642718,11,407,28,18
2023-09-01,mlp,2,0.2,0.867527,0.132473,Consumer Staples,Communication Services,0.721103,0.58863,11,407,28,13
2023-09-01,mlp,3,0.3,0.839486,0.160514,Consumer Staples,Industrials,0.721103,0.560589,11,407,28,65
2023-09-01,mlp,4,0.4,0.838063,0.161937,Consumer Staples,Information Technology,0.721103,0.559166,11,407,28,56
2023-09-01,mlp,5,0.5,0.763721,0.236279,Consumer Staples,Utilities,0.721103,0.484824,11,407,28,20
2023-09-01,mlp,6,0.6,0.737165,0.262835,Consumer Staples,Real Estate,0.721103,0.458268,11,407,28,26
2023-09-01,mlp,7,0.7,0.716064,0.283936,Consumer Staples,Consumer Discretionary,0.721103,0.437167,11,407,28,41
2023-09-01,mlp,8,0.8,0.6938,0.3062,Consumer Staples,Financials,0.721103,0.414903,11,407,28,65
2023-09-01,mlp,9,0.9,0.69171,0.30829,Consumer Staples,Health Care,0.721103,0.412813,11,407,28,54
2023-09-01,mlp,10,1.0,0.690165,0.309835,Consumer Staples,Materials,0.721103,0.411268,11,407,28,21
2023-10-02,mlp,0,0.0,1.0,0.0,Utilities,Utilities,0.653202,0.653202,11,407,20,20
2023-10-02,mlp,1,0.1,0.977812,0.022188,Utilities,Real Estate,0.653202,0.631014,11,407,20,26
2023-10-02,mlp,2,0.2,0.918425,0.081575,Utilities,Financials,0.653202,0.571626,11,407,20,65
2023-10-02,mlp,3,0.3,0.89135,0.10865,Utilities,Communication Services,0.653202,0.544552,11,407,20,13
2023-10-02,mlp,4,0.4,0.889528,0.110472,Utilities,Energy,0.653202,0.54273,11,407,20,18
2023-10-02,mlp,5,0.5,0.80645,0.19355,Utilities,Industrials,0.653202,0.459651,11,407,20,65
2023-10-02,mlp,6,0.6,0.788421,0.211579,Utilities,Materials,0.653202,0.441622,11,407,20,21
2023-10-02,mlp,7,0.7,0.758214,0.241786,Utilities,Consumer Staples,0.653202,0.411416,11,407,20,28
2023-10-02,mlp,8,0.8,0.752158,0.247842,Utilities,Information Technology,0.653202,0.405359,11,407,20,56
2023-10-02,mlp,9,0.9,0.692011,0.307989,Utilities,Health Care,0.653202,0.345213,11,407,20,54
2023-10-02,mlp,10,1.0,0.68862,0.31138,Utilities,Consumer Discretionary,0.653202,0.341821,11,407,20,41
2023-11-01,mlp,0,0.0,1.0,0.0,Utilities,Utilities,0.825437,0.825437,11,407,20,20
2023-11-01,mlp,1,0.1,0.834843,0.165157,Utilities,Real Estate,0.825437,0.66028,11,407,20,26
2023-11-01,mlp,2,0.2,0.820244,0.179756,Utilities,Information Technology,0.825437,0.645681,11,407,20,56
2023-11-01,mlp,3,0.3,0.802392,0.197608,Utilities,Consumer Discretionary,0.825437,0.62783,11,407,20,41
2023-11-01,mlp,4,0.4,0.787834,0.212166,Utilities,Health Care,0.825437,0.613271,11,407,20,54
2023-11-01,mlp,5,0.5,0.780034,0.219966,Utilities,Financials,0.825437,0.605471,11,407,20,65
2023-11-01,mlp,6,0.6,0.760529,0.239471,Utilities,Materials,0.825437,0.585966,11,407,20,21
2023-11-01,mlp,7,0.7,0.68851,0.31149,Utilities,Industrials,0.825437,0.513948,11,407,20,65
2023-11-01,mlp,8,0.8,0.654478,0.345522,Utilities,Consumer Staples,0.825437,0.479915,11,407,20,28
2023-11-01,mlp,9,0.9,0.650527,0.349473,Utilities,Energy,0.825437,0.475965,11,407,20,18
2023-11-01,mlp,10,1.0,0.422415,0.577585,Utilities,Communication Services,0.825437,0.247852,11,407,20,13
2023-12-01,mlp,0,0.0,1.0,0.0,Utilities,Utilities,0.694398,0.694398,11,407,20,20
2023-12-01,mlp,1,0.1,0.954053,0.045947,Utilities,Consumer Staples,0.694398,0.648452,11,407,20,28
2023-12-01,mlp,2,0.2,0.908993,0.091007,Utilities,Energy,0.694398,0.603391,11,407,20,18
2023-12-01,mlp,3,0.3,0.90314,0.09686,Utilities,Real Estate,0.694398,0.597538,11,407,20,26
2023-12-01,mlp,4,0.4,0.880844,0.119156,Utilities,Information Technology,0.694398,0.575243,11,407,20,56
2023-12-01,mlp,5,0.5,0.84158,0.15842,Utilities,Materials,0.694398,0.535979,11,407,20,21
2023-12-01,mlp,6,0.6,0.773763,0.226237,Utilities,Health Care,0.694398,0.468161,11,407,20,54
2023-12-01,mlp,7,0.7,0.769373,0.230627,Utilities,Industrials,0.694398,0.463771,11,407,20,65
2023-12-01,mlp,8,0.8,0.725879,0.274121,Utilities,Consumer Discretionary,0.694398,0.420277,11,407,20,41
2023-12-01,mlp,9,0.9,0.694619,0.305381,Utilities,Communication Services,0.694398,0.389018,11,407,20,13
2023-12-01,mlp,10,1.0,0.654489,0.345511,Utilities,Financials,0.694398,0.348888,11,407,20,65
2024-01-01,mlp,0,0.0,1.0,0.0,Communication Services,Communication Services,0.605453,0.605453,11,407,13,13
2024-01-01,mlp,1,0.1,0.96371,0.03629,Communication Services,Consumer Staples,0.605453,0.569163,11,407,13,28
2024-01-01,mlp,2,0.2,0.954563,0.045437,Communication Services,Real Estate,0.605453,0.560016,11,407,13,26
2024-01-01,mlp,3,0.3,0.893379,0.106621,Communication Services,Energy,0.605453,0.498832,11,407,13,18
2024-01-01,mlp,4,0.4,0.862193,0.137807,Communication Services,Information Technology,0.605453,0.467646,11,407,13,56
2024-01-01,mlp,5,0.5,0.859192,0.140808,Communication Services,Consumer Discretionary,0.605453,0.464645,11,407,13,41
2024-01-01,mlp,6,0.6,0.850067,0.149933,Communication Services,Industrials,0.605453,0.45552,11,407,13,65
2024-01-01,mlp,7,0.7,0.848752,0.151248,Communication Services,Utilities,0.605453,0.454205,11,407,13,20
2024-01-01,mlp,8,0.8,0.796711,0.203289,Communication Services,Financials,0.605453,0.402164,11,407,13,65
2024-01-01,mlp,9,0.9,0.73542,0.26458,Communication Services,Health Care,0.605453,0.340873,11,407,13,54
2024-01-01,mlp,10,1.0,0.623455,0.376545,Communication Services,Materials,0.605453,0.228907,11,407,13,21
2024-02-01,mlp,0,0.0,1.0,0.0,Utilities,Utilities,0.709099,0.709099,11,407,20,20
2024-02-01,mlp,1,0.1,0.9815,0.0185,Utilities,Energy,0.709099,0.690599,11,407,20,18
2024-02-01,mlp,2,0.2,0.836803,0.163197,Utilities,Materials,0.709099,0.545902,11,407,20,21
2024-02-01,mlp,3,0.3,0.815716,0.184284,Utilities,Consumer Staples,0.709099,0.524815,11,407,20,28
2024-02-01,mlp,4,0.4,0.808299,0.191701,Utilities,Real Estate,0.709099,0.517398,11,407,20,26
2024-02-01,mlp,5,0.5,0.799696,0.200304,Utilities,Financials,0.709099,0.508795,11,407,20,65
2024-02-01,mlp,6,0.6,0.758399,0.241601,Utilities,Consumer Discretionary,0.709099,0.467498,11,407,20,41
2024-02-01,mlp,7,0.7,0.75358,0.24642,Utilities,Industrials,0.709099,0.462679,11,407,20,65
2024-02-01,mlp,8,0.8,0.75268,0.24732,Utilities,Information Technology,0.709099,0.461779,11,407,20,56
2024-02-01,mlp,9,0.9,0.745172,0.254828,Utilities,Health Care,0.709099,0.454271,11,407,20,54
2024-02-01,mlp,10,1.0,0.682713,0.317287,Utilities,Communication Services,0.709099,0.391812,11,407,20,13
2024-03-01,mlp,0,0.0,1.0,0.0,Real Estate,Real Estate,0.617272,0.617272,11,407,26,26
2024-03-01,mlp,1,0.1,0.979418,0.020582,Real Estate,Consumer Discretionary,0.617272,0.59669,11,407,26,41
2024-03-01,mlp,2,0.2,0.926626,0.073374,Real Estate,Consumer Staples,0.617272,0.543898,11,407,26,28
2024-03-01,mlp,3,0.3,0.909889,0.090111,Real Estate,Utilities,0.617272,0.527161,11,407,26,20
2024-03-01,mlp,4,0.4,0.899604,0.100396,Real Estate,Financials,0.617272,0.516876,11,407,26,65
2024-03-01,mlp,5,0.5,0.865742,0.134258,Real Estate,Information Technology,0.617272,0.483014,11,407,26,56
2024-03-01,mlp,6,0.6,0.838875,0.161125,Real Estate,Materials,0.617272,0.456147,11,407,26,21
2024-03-01,mlp,7,0.7,0.832781,0.167219,Real Estate,Health Care,0.617272,0.450053,11,407,26,54
2024-03-01,mlp,8,0.8,0.829264,0.170736,Real Estate,Communication Services,0.617272,0.446536,11,407,26,13
2024-03-01,mlp,9,0.9,0.807905,0.192095,Real Estate,Industrials,0.617272,0.425177,11,407,26,65
2024-03-01,mlp,10,1.0,0.669045,0.330955,Real Estate,Energy,0.617272,0.286317,11,407,26,18
2024-04-01,mlp,0,0.0,1.0,0.0,Energy,Energy,0.725642,0.725642,11,407,18,18
2024-04-01,mlp,1,0.1,0.971407,0.028593,Energy,Materials,0.725642,0.697049,11,407,18,21
2024-04-01,mlp,2,0.2,0.889848,0.110152,Energy,Information Technology,0.725642,0.61549,11,407,18,56
2024-04-01,mlp,3,0.3,0.876532,0.123468,Energy,Financials,0.725642,0.602174,11,407,18,65
2024-04-01,mlp,4,0.4,0.831713,0.168287,Energy,Industrials,0.725642,0.557355,11,407,18,65
2024-04-01,mlp,5,0.5,0.82717,0.17283,Energy,Health Care,0.725642,0.552812,11,407,18,54
2024-04-01,mlp,6,0.6,0.812731,0.187269,Energy,Utilities,0.725642,0.538373,11,407,18,20
2024-04-01,mlp,7,0.7,0.810841,0.189159,Energy,Real Estate,0.725642,0.536483,11,407,18,26
2024-04-01,mlp,8,0.8,0.669142,0.330858,Energy,Consumer Staples,0.725642,0.394784,11,407,18,28
2024-04-01,mlp,9,0.9,0.637074,0.362926,Energy,Consumer Discretionary,0.725642,0.362716,11,407,18,41
2024-04-01,mlp,10,1.0,0.63588,0.36412,Energy,Communication Services,0.725642,0.361522,11,407,18,13
2024-05-01,mlp,0,0.0,1.0,0.0,Information Technology,Information Technology,0.6097,0.6097,11,407,56,56
2024-05-01,mlp,1,0.1,0.972228,0.027772,Information Technology,Industrials,0.6097,0.581928,11,407,56,65
2024-05-01,mlp,2,0.2,0.921652,0.078348,Information Technology,Financials,0.6097,0.531352,11,407,56,65
2024-05-01,mlp,3,0.3,0.902907,0.097093,Information Technology,Real Estate,0.6097,0.512607,11,407,56,26
2024-05-01,mlp,4,0.4,0.902593,0.097407,Information Technology,Consumer Discretionary,0.6097,0.512293,11,407,56,41
2024-05-01,mlp,5,0.5,0.89985,0.10015,Information Technology,Health Care,0.6097,0.50955,11,407,56,54
2024-05-01,mlp,6,0.6,0.855599,0.144401,Information Technology,Consumer Staples,0.6097,0.465299,11,407,56,28
2024-05-01,mlp,7,0.7,0.849431,0.150569,Information Technology,Materials,0.6097,0.459131,11,407,56,21
2024-05-01,mlp,8,0.8,0.744549,0.255451,Information Technology,Utilities,0.6097,0.354249,11,407,56,20
2024-05-01,mlp,9,0.9,0.716067,0.283933,Information Technology,Energy,0.6097,0.325767,11,407,56,18
2024-05-01,mlp,10,1.0,0.70933,0.29067,Information Technology,Communication Services,0.6097,0.31903,11,407,56,13
2024-06-03,mlp,0,0.0,1.0,0.0,Utilities,Utilities,0.70738,0.70738,11,407,20,20
2024-06-03,mlp,1,0.1,0.951758,0.048242,Utilities,Communication Services,0.70738,0.659138,11,407,20,13
2024-06-03,mlp,2,0.2,0.885412,0.114588,Utilities,Real Estate,0.70738,0.592792,11,407,20,26
2024-06-03,mlp,3,0.3,0.837424,0.162576,Utilities,Industrials,0.70738,0.544804,11,407,20,65
2024-06-03,mlp,4,0.4,0.789072,0.210928,Utilities,Information Technology,0.70738,0.496452,11,407,20,56
2024-06-03,mlp,5,0.5,0.743562,0.256438,Utilities,Materials,0.70738,0.450942,11,407,20,21
2024-06-03,mlp,6,0.6,0.731907,0.268093,Utilities,Financials,0.70738,0.439287,11,407,20,65
2024-06-03,mlp,7,0.7,0.698615,0.301385,Utilities,Health Care,0.70738,0.405996,11,407,20,54
2024-06-03,mlp,8,0.8,0.682608,0.317392,Utilities,Consumer Staples,0.70738,0.389988,11,407,20,28
2024-06-03,mlp,9,0.9,0.590528,0.409472,Utilities,Energy,0.70738,0.297908,11,407,20,18
2024-06-03,mlp,10,1.0,0.539534,0.460466,Utilities,Consumer Discretionary,0.70738,0.246915,11,407,20,41
2024-07-01,mlp,0,0.0,1.0,0.0,Information Technology,Information Technology,0.650415,0.650415,11,407,56,56
2024-07-01,mlp,1,0.1,0.982512,0.017488,Information Technology,Real Estate,0.650415,0.632927,11,407,56,26
2024-07-01,mlp,2,0.2,0.972874,0.027126,Information Technology,Communication Services,0.650415,0.623289,11,407,56,13
2024-07-01,mlp,3,0.3,0.914763,0.085237,Information Technology,Materials,0.650415,0.565178,11,407,56,21
2024-07-01,mlp,4,0.4,0.90723,0.09277,Information Technology,Industrials,0.650415,0.557645,11,407,56,65
2024-07-01,mlp,5,0.5,0.873112,0.126888,Information Technology,Health Care,0.650415,0.523527,11,407,56,54
2024-07-01,mlp,6,0.6,0.871873,0.128127,Information Technology,Consumer Discretionary,0.650415,0.522288,11,407,56,41
2024-07-01,mlp,7,0.7,0.871401,0.128599,Information Technology,Financials,0.650415,0.521816,11,407,56,65
2024-07-01,mlp,8,0.8,0.814336,0.185664,Information Technology,Consumer Staples,0.650415,0.464751,11,407,56,28
2024-07-01,mlp,9,0.9,0.666648,0.333352,Information Technology,Energy,0.650415,0.317063,11,407,56,18
2024-07-01,mlp,10,1.0,0.582954,0.417046,Information Technology,Utilities,0.650415,0.233369,11,407,56,20
2024-08-01,mlp,0,0.0,1.0,0.0,Communication Services,Communication Services,0.727191,0.727191,11,407,13,13
2024-08-01,mlp,1,0.1,0.847293,0.152707,Communication Services,Real Estate,0.727191,0.574484,11,407,13,26
2024-08-01,mlp,2,0.2,0.81925,0.18075,Communication Services,Industrials,0.727191,0.546441,11,407,13,65
2024-08-01,mlp,3,0.3,0.789231,0.210769,Communication Services,Utilities,0.727191,0.516422,11,407,13,20
2024-08-01,mlp,4,0.4,0.784982,0.215018,Communication Services,Energy,0.727191,0.512173,11,407,13,18
2024-08-01,mlp,5,0.5,0.756597,0.243403,Communication Services,Financials,0.727191,0.483789,11,407,13,65
2024-08-01,mlp,6,0.6,0.737911,0.262089,Communication Services,Information Technology,0.727191,0.465103,11,407,13,56
2024-08-01,mlp,7,0.7,0.72224,0.27776,Communication Services,Health Care,0.727191,0.449432,11,407,13,54
2024-08-01,mlp,8,0.8,0.65313,0.34687,Communication Services,Consumer Discretionary,0.727191,0.380322,11,407,13,41
2024-08-01,mlp,9,0.9,0.652613,0.347387,Communication Services,Consumer Staples,0.727191,0.379804,11,407,13,28
2024-08-01,mlp,10,1.0,0.501125,0.498875,Communication Services,Materials,0.727191,0.228316,11,407,13,21
2024-09-02,mlp,0,0.0,1.0,0.0,Consumer Discretionary,Consumer Discretionary,0.549711,0.549711,11,407,41,41
2024-09-02,mlp,1,0.1,0.946096,0.053904,Consumer Discretionary,Information Technology,0.549711,0.495807,11,407,41,56
2024-09-02,mlp,2,0.2,0.941946,0.058054,Consumer Discretionary,Health Care,0.549711,0.491657,11,407,41,54
2024-09-02,mlp,3,0.3,0.938487,0.061513,Consumer Discretionary,Energy,0.549711,0.488198,11,407,41,18
2024-09-02,mlp,4,0.4,0.924685,0.075315,Consumer Discretionary,Consumer Staples,0.549711,0.474395,11,407,41,28
2024-09-02,mlp,5,0.5,0.914284,0.085716,Consumer Discretionary,Financials,0.549711,0.463995,11,407,41,65
2024-09-02,mlp,6,0.6,0.892913,0.107087,Consumer Discretionary,Industrials,0.549711,0.442624,11,407,41,65
2024-09-02,mlp,7,0.7,0.871945,0.128055,Consumer Discretionary,Utilities,0.549711,0.421656,11,407,41,20
2024-09-02,mlp,8,0.8,0.849471,0.150529,Consumer Discretionary,Real Estate,0.549711,0.399182,11,407,41,26
2024-09-02,mlp,9,0.9,0.802776,0.197224,Consumer Discretionary,Materials,0.549711,0.352486,11,407,41,21
2024-09-02,mlp,10,1.0,0.751411,0.248589,Consumer Discretionary,Communication Services,0.549711,0.301122,11,407,41,13
2024-10-01,mlp,0,0.0,1.0,0.0,Energy,Energy,0.64147,0.64147,11,407,18,18
2024-10-01,mlp,1,0.1,0.929522,0.070478,Energy,Materials,0.64147,0.570991,11,407,18,21
2024-10-01,mlp,2,0.2,0.887283,0.112717,Energy,Information Technology,0.64147,0.528753,11,407,18,56
2024-10-01,mlp,3,0.3,0.869644,0.130356,Energy,Health Care,0.64147,0.511113,11,407,18,54
2024-10-01,mlp,4,0.4,0.865148,0.134852,Energy,Consumer Discretionary,0.64147,0.506618,11,407,18,41
2024-10-01,mlp,5,0.5,0.850049,0.149951,Energy,Utilities,0.64147,0.491519,11,407,18,20
2024-10-01,mlp,6,0.6,0.810251,0.189749,Energy,Real Estate,0.64147,0.451721,11,407,18,26
2024-10-01,mlp,7,0.7,0.806362,0.193638,Energy,Consumer Staples,0.64147,0.447832,11,407,18,28
2024-10-01,mlp,8,0.8,0.800294,0.199706,Energy,Industrials,0.64147,0.441764,11,407,18,65
2024-10-01,mlp,9,0.9,0.751629,0.248371,Energy,Communication Services,0.64147,0.393098,11,407,18,13
2024-10-01,mlp,10,1.0,0.700836,0.299164,Energy,Financials,0.64147,0.342306,11,407,18,65
2024-11-01,mlp,0,0.0,1.0,0.0,Energy,Energy,0.561326,0.561326,11,407,18,18
2024-11-01,mlp,1,0.1,0.997095,0.002905,Energy,Health Care,0.561326,0.558421,11,407,18,54
2024-11-01,mlp,2,0.2,0.981096,0.018904,Energy,Consumer Staples,0.561326,0.542421,11,407,18,28
2024-11-01,mlp,3,0.3,0.976833,0.023167,Energy,Information Technology,0.561326,0.538159,11,407,18,56
2024-11-01,mlp,4,0.4,0.954795,0.045205,Energy,Communication Services,0.561326,0.516121,11,407,18,13
2024-11-01,mlp,5,0.5,0.953672,0.046328,Energy,Real Estate,0.561326,0.514998,11,407,18,26
2024-11-01,mlp,6,0.6,0.887611,0.112389,Energy,Materials,0.561326,0.448937,11,407,18,21
2024-11-01,mlp,7,0.7,0.879719,0.120281,Energy,Industrials,0.561326,0.441045,11,407,18,65
2024-11-01,mlp,8,0.8,0.863123,0.136877,Energy,Consumer Discretionary,0.561326,0.424449,11,407,18,41
2024-11-01,mlp,9,0.9,0.842215,0.157785,Energy,Utilities,0.561326,0.40354,11,407,18,20
2024-11-01,mlp,10,1.0,0.835776,0.164224,Energy,Financials,0.561326,0.397102,11,407,18,65
2024-12-02,mlp,0,0.0,1.0,0.0,Energy,Energy,0.782789,0.782789,11,407,18,18
2024-12-02,mlp,1,0.1,0.875002,0.124998,Energy,Real Estate,0.782789,0.65779,11,407,18,26
2024-12-02,mlp,2,0.2,0.856721,0.143279,Energy,Consumer Staples,0.782789,0.63951,11,407,18,28
2024-12-02,mlp,3,0.3,0.754797,0.245203,Energy,Utilities,0.782789,0.537586,11,407,18,20
2024-12-02,mlp,4,0.4,0.737153,0.262847,Energy,Financials,0.782789,0.519942,11,407,18,65
2024-12-02,mlp,5,0.5,0.685078,0.314922,Energy,Information Technology,0.782789,0.467867,11,407,18,56
2024-12-02,mlp,6,0.6,0.667772,0.332228,Energy,Communication Services,0.782789,0.450561,11,407,18,13
2024-12-02,mlp,7,0.7,0.667518,0.332482,Energy,Materials,0.782789,0.450307,11,407,18,21
2024-12-02,mlp,8,0.8,0.658872,0.341128,Energy,Health Care,0.782789,0.441661,11,407,18,54
2024-12-02,mlp,9,0.9,0.647457,0.352543,Energy,Industrials,0.782789,0.430245,11,407,18,65
2024-12-02,mlp,10,1.0,0.580465,0.419535,Energy,Consumer Discretionary,0.782789,0.363254,11,407,18,41
2025-01-01,mlp,0,0.0,1.0,0.0,Communication Services,Communication Services,0.71998,0.71998,11,407,13,13
2025-01-01,mlp,1,0.1,0.973126,0.026874,Communication Services,Information Technology,0.71998,0.693106,11,407,13,56
2025-01-01,mlp,2,0.2,0.906289,0.093711,Communication Services,Materials,0.71998,0.626269,11,407,13,21
2025-01-01,mlp,3,0.3,0.896357,0.103643,Communication Services,Utilities,0.71998,0.616337,11,407,13,20
2025-01-01,mlp,4,0.4,0.829252,0.170748,Communication Services,Health Care,0.71998,0.549232,11,407,13,54
2025-01-01,mlp,5,0.5,0.791623,0.208377,Communication Services,Consumer Staples,0.71998,0.511603,11,407,13,28
2025-01-01,mlp,6,0.6,0.759096,0.240904,Communication Services,Industrials,0.71998,0.479076,11,407,13,65
2025-01-01,mlp,7,0.7,0.741812,0.258188,Communication Services,Energy,0.71998,0.461792,11,407,13,18
2025-01-01,mlp,8,0.8,0.725,0.275,Communication Services,Financials,0.71998,0.44498,11,407,13,65
2025-01-01,mlp,9,0.9,0.719173,0.280827,Communication Services,Real Estate,0.71998,0.439153,11,407,13,26
2025-01-01,mlp,10,1.0,0.695553,0.304447,Communication Services,Consumer Discretionary,0.71998,0.415533,11,407,13,41
2025-02-03,mlp,0,0.0,1.0,0.0,Consumer Staples,Consumer Staples,0.727352,0.727352,11,407,28,28
2025-02-03,mlp,1,0.1,0.960395,0.039605,Consumer Staples,Energy,0.727352,0.687747,11,407,28,18
2025-02-03,mlp,2,0.2,0.895371,0.104629,Consumer Staples,Utilities,0.727352,0.622723,11,407,28,20
2025-02-03,mlp,3,0.3,0.845161,0.154839,Consumer Staples,Industrials,0.727352,0.572513,11,407,28,65
2025-02-03,mlp,4,0.4,0.830305,0.169695,Consumer Staples,Information Technology,0.727352,0.557657,11,407,28,56
2025-02-03,mlp,5,0.5,0.790984,0.209016,Consumer Staples,Financials,0.727352,0.518336,11,407,28,65
2025-02-03,mlp,6,0.6,0.748413,0.251587,Consumer Staples,Consumer Discretionary,0.727352,0.475766,11,407,28,41
2025-02-03,mlp,7,0.7,0.696383,0.303617,Consumer Staples,Health Care,0.727352,0.423736,11,407,28,54
2025-02-03,mlp,8,0.8,0.691252,0.308748,Consumer Staples,Materials,0.727352,0.418604,11,407,28,21
2025-02-03,mlp,9,0.9,0.676789,0.323211,Consumer Staples,Real Estate,0.727352,0.404141,11,407,28,26
2025-02-03,mlp,10,1.0,0.61051,0.38949,Consumer Staples,Communication Services,0.727352,0.337862,11,407,28,13
2025-03-03,mlp,0,0.0,1.0,0.0,Energy,Energy,0.703443,0.703443,11,407,18,18
2025-03-03,mlp,1,0.1,0.976281,0.023719,Energy,Consumer Staples,0.703443,0.679724,11,407,18,28
2025-03-03,mlp,2,0.2,0.893404,0.106596,Energy,Industrials,0.703443,0.596846,11,407,18,65
2025-03-03,mlp,3,0.3,0.874563,0.125437,Energy,Consumer Discretionary,0.703443,0.578005,11,407,18,41
2025-03-03,mlp,4,0.4,0.828109,0.171891,Energy,Utilities,0.703443,0.531552,11,407,18,20
2025-03-03,mlp,5,0.5,0.798248,0.201752,Energy,Real Estate,0.703443,0.50169,11,407,18,26
2025-03-03,mlp,6,0.6,0.771991,0.228009,Energy,Information Technology,0.703443,0.475433,11,407,18,56
2025-03-03,mlp,7,0.7,0.700076,0.299924,Energy,Materials,0.703443,0.403518,11,407,18,21
2025-03-03,mlp,8,0.8,0.683469,0.316531,Energy,Health Care,0.703443,0.386912,11,407,18,54
2025-03-03,mlp,9,0.9,0.626821,0.373179,Energy,Financials,0.703443,0.330263,11,407,18,65
2025-03-03,mlp,10,1.0,0.618805,0.381195,Energy,Communication Services,0.703443,0.322248,11,407,18,13
2025-04-01,mlp,0,0.0,1.0,0.0,Communication Services,Communication Services,0.80215,0.80215,11,407,13,13
2025-04-01,mlp,1,0.1,0.736539,0.263461,Communication Services,Health Care,0.80215,0.53869,11,407,13,54
2025-04-01,mlp,2,0.2,0.690233,0.309767,Communication Services,Financials,0.80215,0.492384,11,407,13,65
2025-04-01,mlp,3,0.3,0.683671,0.316329,Communication Services,Consumer Discretionary,0.80215,0.485822,11,407,13,41
2025-04-01,mlp,4,0.4,0.653625,0.346375,Communication Services,Materials,0.80215,0.455775,11,407,13,21
2025-04-01,mlp,5,0.5,0.64448,0.35552,Communication Services,Real Estate,0.80215,0.446631,11,407,13,26
2025-04-01,mlp,6,0.6,0.639388,0.360612,Communication Services,Industrials,0.80215,0.441538,11,407,13,65
2025-04-01,mlp,7,0.7,0.589912,0.410088,Communication Services,Consumer Staples,0.80215,0.392062,11,407,13,28
2025-04-01,mlp,8,0.8,0.574993,0.425007,Communication Services,Information Technology,0.80215,0.377144,11,407,13,56
2025-04-01,mlp,9,0.9,0.4836,0.5164,Communication Services,Utilities,0.80215,0.285751,11,407,13,20
2025-04-01,mlp,10,1.0,0.482831,0.517169,Communication Services,Energy,0.80215,0.284981,11,407,13,18
2025-05-01,mlp,0,0.0,1.0,0.0,Information Technology,Information Technology,0.669803,0.669803,11,407,56,56
2025-05-01,mlp,1,0.1,0.958528,0.041472,Information Technology,Consumer Discretionary,0.669803,0.628332,11,407,56,41
2025-05-01,mlp,2,0.2,0.916381,0.083619,Information Technology,Consumer Staples,0.669803,0.586185,11,407,56,28
2025-05-01,mlp,3,0.3,0.908547,0.091453,Information Technology,Industrials,0.669803,0.57835,11,407,56,65
2025-05-01,mlp,4,0.4,0.908259,0.091741,Information Technology,Energy,0.669803,0.578063,11,407,56,18
2025-05-01,mlp,5,0.5,0.90171,0.09829,Information Technology,Health Care,0.669803,0.571514,11,407,56,54
2025-05-01,mlp,6,0.6,0.901535,0.098465,Information Technology,Financials,0.669803,0.571339,11,407,56,65
2025-05-01,mlp,7,0.7,0.79718,0.20282,Information Technology,Real Estate,0.669803,0.466983,11,407,56,26
2025-05-01,mlp,8,0.8,0.767369,0.232631,Information Technology,Utilities,0.669803,0.437172,11,407,56,20
2025-05-01,mlp,9,0.9,0.683149,0.316851,Information Technology,Communication Services,0.669803,0.352952,11,407,56,13
2025-05-01,mlp,10,1.0,0.647905,0.352095,Information Technology,Materials,0.669803,0.317708,11,407,56,21
2025-06-02,mlp,0,0.0,1.0,0.0,Utilities,Utilities,0.64323,0.64323,11,407,20,20
2025-06-02,mlp,1,0.1,0.990715,0.009285,Utilities,Consumer Staples,0.64323,0.633944,11,407,20,28
2025-06-02,mlp,2,0.2,0.97868,0.02132,Utilities,Real Estate,0.64323,0.62191,11,407,20,26
2025-06-02,mlp,3,0.3,0.966663,0.033337,Utilities,Energy,0.64323,0.609892,11,407,20,18
2025-06-02,mlp,4,0.4,0.920635,0.079365,Utilities,Materials,0.64323,0.563864,11,407,20,21
2025-06-02,mlp,5,0.5,0.900135,0.099865,Utilities,Information Technology,0.64323,0.543364,11,407,20,56
2025-06-02,mlp,6,0.6,0.879745,0.120255,Utilities,Health Care,0.64323,0.522974,11,407,20,54
2025-06-02,mlp,7,0.7,0.869117,0.130883,Utilities,Financials,0.64323,0.512347,11,407,20,65
2025-06-02,mlp,8,0.8,0.856169,0.143831,Utilities,Industrials,0.64323,0.499399,11,407,20,65
2025-06-02,mlp,9,0.9,0.753205,0.246795,Utilities,Consumer Discretionary,0.64323,0.396435,11,407,20,41
2025-06-02,mlp,10,1.0,0.7449,0.2551,Utilities,Communication Services,0.64323,0.38813,11,407,20,13
2025-07-01,mlp,0,0.0,1.0,0.0,Utilities,Utilities,0.60019,0.60019,11,407,20,20
2025-07-01,mlp,1,0.1,0.980874,0.019126,Utilities,Communication Services,0.60019,0.581064,11,407,20,13
2025-07-01,mlp,2,0.2,0.959815,0.040185,Utilities,Consumer Discretionary,0.60019,0.560004,11,407,20,41
2025-07-01,mlp,3,0.3,0.956552,0.043448,Utilities,Energy,0.60019,0.556742,11,407,20,18
2025-07-01,mlp,4,0.4,0.902191,0.097809,Utilities,Real Estate,0.60019,0.502381,11,407,20,26
2025-07-01,mlp,5,0.5,0.859775,0.140225,Utilities,Information Technology,0.60019,0.459965,11,407,20,56
2025-07-01,mlp,6,0.6,0.857164,0.142836,Utilities,Health Care,0.60019,0.457354,11,407,20,54
2025-07-01,mlp,7,0.7,0.809569,0.190431,Utilities,Consumer Staples,0.60019,0.409758,11,407,20,28
2025-07-01,mlp,8,0.8,0.790168,0.209832,Utilities,Materials,0.60019,0.390358,11,407,20,21
2025-07-01,mlp,9,0.9,0.766679,0.233321,Utilities,Industrials,0.60019,0.366869,11,407,20,65
2025-07-01,mlp,10,1.0,0.708579,0.291421,Utilities,Financials,0.60019,0.308768,11,407,20,65
2025-08-01,mlp,0,0.0,1.0,0.0,Industrials,Industrials,0.593909,0.593909,11,407,65,65
2025-08-01,mlp,1,0.1,0.997137,0.002863,Industrials,Information Technology,0.593909,0.591046,11,407,65,56
2025-08-01,mlp,2,0.2,0.983449,0.016551,Industrials,Consumer Discretionary,0.593909,0.577358,11,407,65,41
2025-08-01,mlp,3,0.3,0.967695,0.032305,Industrials,Communication Services,0.593909,0.561604,11,407,65,13
2025-08-01,mlp,4,0.4,0.948722,0.051278,Industrials,Consumer Staples,0.593909,0.542631,11,407,65,28
2025-08-01,mlp,5,0.5,0.938582,0.061418,Industrials,Health Care,0.593909,0.532491,11,407,65,54
2025-08-01,mlp,6,0.6,0.913591,0.086409,Industrials,Real Estate,0.593909,0.5075,11,407,65,26
2025-08-01,mlp,7,0.7,0.896718,0.103282,Industrials,Financials,0.593909,0.490627,11,407,65,65
2025-08-01,mlp,8,0.8,0.784263,0.215737,Industrials,Utilities,0.593909,0.378172,11,407,65,20
2025-08-01,mlp,9,0.9,0.75053,0.24947,Industrials,Materials,0.593909,0.344439,11,407,65,21
2025-08-01,mlp,10,1.0,0.719034,0.280966,Industrials,Energy,0.593909,0.312943,11,407,65,18
2025-09-01,mlp,0,0.0,1.0,0.0,Materials,Materials,0.610227,0.610227,11,407,21,21
2025-09-01,mlp,1,0.1,0.982695,0.017305,Materials,Energy,0.610227,0.592922,11,407,21,18
2025-09-01,mlp,2,0.2,0.960301,0.039699,Materials,Consumer Discretionary,0.610227,0.570529,11,407,21,41
2025-09-01,mlp,3,0.3,0.954454,0.045546,Materials,Financials,0.610227,0.564681,11,407,21,65
2025-09-01,mlp,4,0.4,0.949131,0.050869,Materials,Communication Services,0.610227,0.559359,11,407,21,13
2025-09-01,mlp,5,0.5,0.882016,0.117984,Materials,Health Care,0.610227,0.492243,11,407,21,54
2025-09-01,mlp,6,0.6,0.881438,0.118562,Materials,Real Estate,0.610227,0.491665,11,407,21,26
2025-09-01,mlp,7,0.7,0.870184,0.129816,Materials,Industrials,0.610227,0.480411,11,407,21,65
2025-09-01,mlp,8,0.8,0.865696,0.134304,Materials,Information Technology,0.610227,0.475923,11,407,21,56
2025-09-01,mlp,9,0.9,0.716515,0.283485,Materials,Consumer Staples,0.610227,0.326742,11,407,21,28
2025-09-01,mlp,10,1.0,0.679901,0.320099,Materials,Utilities,0.610227,0.290128,11,407,21,20
2025-10-01,mlp,0,0.0,1.0,0.0,Consumer Staples,Consumer Staples,0.572445,0.572445,11,407,28,28
2025-10-01,mlp,1,0.1,0.965145,0.034855,Consumer Staples,Financials,0.572445,0.537591,11,407,28,65
2025-10-01,mlp,2,0.2,0.960636,0.039364,Consumer Staples,Industrials,0.572445,0.533081,11,407,28,65
2025-10-01,mlp,3,0.3,0.95452,0.04548,Consumer Staples,Health Care,0.572445,0.526966,11,407,28,54
2025-10-01,mlp,4,0.4,0.901683,0.098317,Consumer Staples,Materials,0.572445,0.474128,11,407,28,21
2025-10-01,mlp,5,0.5,0.895089,0.104911,Consumer Staples,Real Estate,0.572445,0.467534,11,407,28,26
2025-10-01,mlp,6,0.6,0.883534,0.116466,Consumer Staples,Consumer Discretionary,0.572445,0.455979,11,407,28,41
2025-10-01,mlp,7,0.7,0.881755,0.118245,Consumer Staples,Utilities,0.572445,0.4542,11,407,28,20
2025-10-01,mlp,8,0.8,0.851056,0.148944,Consumer Staples,Energy,0.572445,0.423501,11,407,28,18
2025-10-01,mlp,9,0.9,0.83511,0.16489,Consumer Staples,Information Technology,0.572445,0.407555,11,407,28,56
2025-10-01,mlp,10,1.0,0.793388,0.206612,Consumer Staples,Communication Services,0.572445,0.365833,11,407,28,13
2025-11-03,mlp,0,0.0,1.0,0.0,Consumer Staples,Consumer Staples,0.662555,0.662555,11,407,28,28
2025-11-03,mlp,1,0.1,0.947824,0.052176,Consumer Staples,Materials,0.662555,0.610379,11,407,28,21
2025-11-03,mlp,2,0.2,0.91714,0.08286,Consumer Staples,Utilities,0.662555,0.579695,11,407,28,20
2025-11-03,mlp,3,0.3,0.91396,0.08604,Consumer Staples,Financials,0.662555,0.576515,11,407,28,65
2025-11-03,mlp,4,0.4,0.91081,0.08919,Consumer Staples,Information Technology,0.662555,0.573365,11,407,28,56
2025-11-03,mlp,5,0.5,0.876301,0.123699,Consumer Staples,Real Estate,0.662555,0.538857,11,407,28,26
2025-11-03,mlp,6,0.6,0.836446,0.163554,Consumer Staples,Energy,0.662555,0.499001,11,407,28,18
2025-11-03,mlp,7,0.7,0.834183,0.165817,Consumer Staples,Consumer Discretionary,0.662555,0.496738,11,407,28,41
2025-11-03,mlp,8,0.8,0.811949,0.188051,Consumer Staples,Industrials,0.662555,0.474504,11,407,28,65
2025-11-03,mlp,9,0.9,0.790113,0.209887,Consumer Staples,Communication Services,0.662555,0.452668,11,407,28,13
2025-11-03,mlp,10,1.0,0.75939,0.24061,Consumer Staples,Health Care,0.662555,0.421945,11,407,28,54
2025-12-01,mlp,0,0.0,1.0,0.0,Real Estate,Real Estate,0.660362,0.660362,11,407,26,26
2025-12-01,mlp,1,0.1,0.971321,0.028679,Real Estate,Energy,0.660362,0.631683,11,407,26,18
2025-12-01,mlp,2,0.2,0.96076,0.03924,Real Estate,Utilities,0.660362,0.621121,11,407,26,20
2025-12-01,mlp,3,0.3,0.854524,0.145476,Real Estate,Consumer Discretionary,0.660362,0.514886,11,407,26,41
2025-12-01,mlp,4,0.4,0.827072,0.172928,Real Estate,Health Care,0.660362,0.487434,11,407,26,54
2025-12-01,mlp,5,0.5,0.823731,0.176269,Real Estate,Financials,0.660362,0.484093,11,407,26,65
2025-12-01,mlp,6,0.6,0.813113,0.186887,Real Estate,Information Technology,0.660362,0.473475,11,407,26,56
2025-12-01,mlp,7,0.7,0.78641,0.21359,Real Estate,Industrials,0.660362,0.446771,11,407,26,65
2025-12-01,mlp,8,0.8,0.782795,0.217205,Real Estate,Materials,0.660362,0.443157,11,407,26,21
2025-12-01,mlp,9,0.9,0.763674,0.236326,Real Estate,Communication Services,0.660362,0.424036,11,407,26,13
2025-12-01,mlp,10,1.0,0.700476,0.299524,Real Estate,Consumer Staples,0.660362,0.360838,11,407,26,28
